Order_ID,Product_Name,Category,Price,Quantity,Total_Price,Customer_Name,Date,Discount,Region,Month,Year
2000,Culture Max,Furniture,440.82,3,1322.46,Michelle Lin,2023-04-23,0%,West,4,2023
2001,Medical Classic,Home Decor,175.05,4,700.2,Julie Carter,2023-09-03,0%,South,9,2023
2002,Ability Classic,Electronics,11.21,3,33.63,Miranda Wells,2023-09-18,0%,West,9,2023
2003,Piece Plus,Electronics,435.17,3,1305.51,Michael Dunlap,2024-06-28,0%,South,6,2024
2004,Your Classic,Furniture,949.11,2,1898.22,Michelle Smith,2023-06-19,0%,North,6,2023
2005,Western Lite,Sports,80.92,1,80.92,Kyle Moody PhD,2023-09-07,7%,South,9,2023
2006,With Max,Electronics,455.06,4,1820.24,Robin Wood,2023-03-06,24%,East,3,2023
2007,Let Max,Sports,31.56,2,63.12,Jasmine Mayer,2024-08-10,9%,East,8,2024
2008,Among Max,Electronics,50.91,4,203.64,Customer 1,2023-01-27,0%,South,1,2023
2009,Challenge Lite,Apparel,33.24,3,99.72,Thomas Schneider,2023-01-21,0%,West,1,2023
2010,Chair Max,Electronics,67.25,2,134.5,Katherine Howe,2023-07-24,0%,South,7,2023
2011,Far Plus,Home Decor,27.48,2,54.96,Maria Soto,2024-02-27,4%,South,2,2024
2012,Check Max,Home Decor,83.39,4,333.56,Customer 2,2024-08-24,0%,West,8,2024
2013,Before Plus,Apparel,28.9,4,115.6,Daisy Mills,2023-03-09,30%,North,3,2023
2014,Movement Plus,Electronics,244.38,4,977.52,Heather Estes,2024-08-24,0%,South,8,2024
2015,Act Classic,Furniture,530.57,4,2122.28,Lisa Johnson,2024-12-01,3%,East,12,2024
2016,Local Lite,Apparel,27.7,4,110.8,Alyssa Villarreal,2023-07-06,0%,East,7,2023
2017,Campaign Lite,Sports,197.78,2,395.56,Kathryn Banks,2024-07-12,0%,East,7,2024
2018,Down Plus,Sports,61.76,3,185.28,Michael West,2024-07-26,0%,South,7,2024
2019,Rest Lite,Sports,106.39,1,106.39,Kelly Russell,2024-05-09,0%,North,5,2024
2020,Condition Pro,Furniture,223.87,3,671.61,Joshua Ramirez,2024-02-13,0%,South,2,2024
2021,Style Plus,Sports,152.81,3,458.43,Customer 3,2024-01-21,2%,West,1,2024
2022,Employee Lite,Home Decor,170.18,2,340.36,Cynthia Johnson,2024-04-23,18%,North,4,2024
2023,Believe Max,Apparel,22.8,1,22.8,Brandon Wang,Invalid Date,0%,West,<NA>,<NA>
2024,After Max,Home Decor,74.55,3,223.65,Brandon Andersen,2023-09-10,14%,North,9,2023
2025,Investment Classic,Home Decor,81.33,2,162.66,Sarah Kelley,2024-02-07,0%,South,2,2024
2026,Well Max,Home Decor,127.07,4,508.28,Customer 4,2023-03-27,0%,North,3,2023
2027,Modern Classic,Sports,158.09,3,474.27,Cynthia Hansen,2023-07-02,0%,North,7,2023
2028,Wonder Plus,Sports,85.46,4,341.84,Amanda Jackson,2023-05-16,0%,West,5,2023
2029,Remain Plus,Apparel,32.46,2,64.92,Brittney Taylor,2023-02-23,3%,East,2,2023
2030,Ok Max,Furniture,225.67,2,451.34,Roy Martinez,2024-08-19,19%,West,8,2024
2031,Well Pro,Apparel,40.92,4,163.68,Mathew Martinez,Invalid Date,0%,North,<NA>,<NA>
2032,Weight Pro,Furniture,433.18,3,1299.54,Juan Vance,2024-02-17,0%,North,2,2024
2033,Author Plus,Electronics,63.59,3,190.77,Jeanne Moses,2023-03-17,0%,East,3,2023
2034,Three Pro,Apparel,41.31,2,82.62,Amy Taylor,2024-10-04,16%,East,10,2024
2035,Look Classic,Apparel,20.16,3,60.48,Joshua Barnes,2024-06-01,0%,West,6,2024
2036,Process Plus,Sports,234.24,1,234.24,Joy Lee,2024-01-23,28%,East,1,2024
2037,Near Lite,Electronics,106.25,4,425.0,Customer 5,2024-11-24,0%,North,11,2024
2038,Create Pro,Home Decor,75.57,2,151.14,Sophia Williams,2024-09-01,0%,East,9,2024
2039,Collection Pro,Furniture,850.48,3,2551.44,Henry Heath,Invalid Date,0%,West,<NA>,<NA>
2040,Find Max,Home Decor,121.23,2,242.46,Heidi Huff,2023-05-04,26%,South,5,2023
2041,If Plus,Apparel,11.52,4,46.08,Shirley Galloway,2024-07-25,0%,West,7,2024
2042,Well Plus,Apparel,22.3,3,66.9,Todd Rodriguez,2024-09-12,0%,East,9,2024
2043,Finally Pro,Electronics,251.33,4,1005.32,Leslie Anderson,2023-10-07,0%,South,10,2023
2044,Cover Plus,Apparel,33.01,2,66.02,Scott Brown,2024-08-25,0%,North,8,2024
2045,Memory Plus,Apparel,39.95,1,39.95,Jonathan Flores,2024-03-10,0%,North,3,2024
2046,Plant Pro,Electronics,220.67,1,220.67,Jonathon Gonzales,2022-12-19,18%,North,12,2022
2047,Good Lite,Electronics,182.99,3,548.97,Tina Camacho,2023-09-24,0%,West,9,2023
2048,Open Pro,Sports,205.85,1,205.85,Matthew Rivers,2023-03-25,17%,South,3,2023
2049,Condition Pro,Furniture,609.28,3,1827.84,Joe Miller,2024-01-05,0%,West,1,2024
2050,Art Pro,Electronics,226.21,1,226.21,Laurie Little,Invalid Date,3%,East,<NA>,<NA>
2051,Mention Lite,Apparel,19.76,3,59.28,Customer 6,2023-07-28,0%,South,7,2023
2052,Candidate Pro,Sports,161.35,2,322.7,David Gibbs,2024-07-24,20%,West,7,2024
2053,Room Max,Electronics,404.12,2,808.24,Eric Newman,2024-03-24,0%,South,3,2024
2054,Fish Plus,Furniture,924.7,3,2774.1,David Foster,2024-01-29,0%,West,1,2024
2055,Law Lite,Furniture,691.9,4,2767.6,Jon Hogan,2023-11-29,0%,South,11,2023
2056,Best Plus,Electronics,347.23,2,694.46,Yesenia Hernandez,2024-11-18,0%,South,11,2024
2057,Possible Lite,Apparel,40.94,1,40.94,Taylor Ayers,2023-06-21,0%,West,6,2023
2058,Nearly Plus,Sports,22.53,4,90.12,Darren Archer,2024-07-26,0%,South,7,2024
2059,May Classic,Electronics,365.59,1,365.59,Lindsay Vargas,2023-04-23,17%,South,4,2023
2060,Value Max,Sports,281.4,3,844.2,Steven Dixon,2024-11-14,0%,North,11,2024
2061,Land Lite,Home Decor,59.56,2,119.12,Charles Howard,2024-02-22,9%,North,2,2024
2062,Court Pro,Home Decor,95.36,4,381.44,David Monroe,2024-03-19,0%,East,3,2024
2063,Several Lite,Electronics,276.42,3,829.26,Lisa Barton,2023-10-18,30%,North,10,2023
2064,Home Classic,Electronics,308.57,2,617.14,Andrew Williams,2023-12-12,0%,East,12,2023
2065,Region Classic,Furniture,970.03,3,2910.09,Thomas Frederick,2023-03-02,0%,West,3,2023
2066,Election Classic,Sports,195.62,4,782.48,Mrs. Tanya Johnson,2023-12-28,0%,West,12,2023
2067,Report Max,Home Decor,11.78,1,11.78,David Johnson,2024-10-15,0%,West,10,2024
2068,Attention Plus,Furniture,528.27,4,2113.08,Jacob Sheppard,2024-07-13,0%,North,7,2024
2069,Fly Max,Home Decor,75.18,3,225.54000000000002,Michael Douglas,2024-06-04,2%,North,6,2024
2070,State Max,Furniture,808.85,2,1617.7,Holly Faulkner,2023-08-14,0%,South,8,2023
2071,Computer Lite,Home Decor,137.4,3,412.2,Customer 7,2024-04-20,0%,South,4,2024
2072,Officer Classic,Sports,54.81,3,164.43,Joshua Hayes,2024-02-01,0%,East,2,2024
2073,Town Pro,Electronics,286.44,4,1145.76,Cheryl Lyons,2024-09-08,14%,South,9,2024
2074,Husband Lite,Apparel,37.83,1,37.83,Linda Young,2023-05-01,20%,East,5,2023
2075,Everyone Plus,Electronics,307.77,4,1231.08,Matthew Newton DDS,2024-09-30,20%,South,9,2024
2076,Build Pro,Apparel,24.85,1,24.85,Todd Maldonado,2023-10-24,0%,West,10,2023
2077,Focus Max,Sports,32.8,2,65.6,Sarah Bryant,2023-06-02,0%,North,6,2023
2078,Politics Plus,Furniture,627.27,4,2509.08,Brenda Morgan,2023-10-08,0%,West,10,2023
2079,Charge Lite,Furniture,886.32,1,886.32,Erika Matthews,2023-06-11,0%,West,6,2023
2080,Top Max,Apparel,40.82,4,163.28,Robert Saunders,2024-07-17,7%,North,7,2024
2081,Huge Max,Apparel,33.94,3,101.82,Amanda Hurst,2024-07-18,0%,West,7,2024
2082,Relationship Pro,Electronics,413.77,3,1241.31,David Hill,2022-12-29,0%,South,12,2022
2083,As Classic,Home Decor,64.12,2,128.24,Mary Hoffman,2024-09-20,0%,North,9,2024
2084,Often Pro,Apparel,49.31,3,147.93,Customer 8,2023-05-08,0%,North,5,2023
2085,Hit Plus,Furniture,518.92,4,2075.68,Michelle Elliott,2024-09-16,0%,North,9,2024
2086,Media Classic,Electronics,259.65,1,259.65,Erin Montes,2024-08-08,0%,North,8,2024
2087,Long Classic,Apparel,23.08,4,92.32,Melissa Edwards,2022-12-28,0%,East,12,2022
2088,Trade Plus,Electronics,90.19,1,90.19,Steve Jones,2023-11-20,0%,South,11,2023
2089,Party Plus,Furniture,437.15,2,874.3,James Snow,2024-04-02,24%,West,4,2024
2090,Character Classic,Furniture,954.53,4,3818.12,Robert Davis,2023-05-18,0%,South,5,2023
2091,Mission Pro,Sports,34.68,3,104.03999999999999,Carrie Waters,2024-01-10,0%,North,1,2024
2092,Sea Lite,Furniture,467.69,4,1870.76,Alex Fields,2023-08-18,17%,North,8,2023
2093,Minute Pro,Apparel,47.66,1,47.66,Daniel Horn,2024-05-22,0%,North,5,2024
2094,Improve Pro,Apparel,16.49,1,16.49,Rhonda Herrera,2024-01-13,0%,East,1,2024
2095,Key Classic,Apparel,35.8,2,71.6,Tina Campbell,2023-01-07,0%,West,1,2023
2096,Laugh Classic,Electronics,434.61,2,869.22,Jessica Harvey,2024-06-21,0%,South,6,2024
2097,Employee Classic,Electronics,453.26,1,453.26,Customer 9,2023-06-03,5%,West,6,2023
2098,Ten Classic,Furniture,539.94,2,1079.88,Christopher Wells,2024-10-08,0%,North,10,2024
2099,Form Classic,Apparel,34.21,3,102.63,Rita Austin,2024-01-24,0%,East,1,2024
2100,Trade Classic,Furniture,484.9,3,1454.6999999999998,Christopher Brown,2023-09-07,0%,North,9,2023
2101,Name Plus,Electronics,138.28,1,138.28,Teresa Jones,2024-07-22,0%,North,7,2024
2102,Suggest Plus,Apparel,14.9,4,59.6,Michelle Roman,2024-05-23,24%,South,5,2024
2103,Look Lite,Apparel,39.0,3,117.0,Emily Humphrey,2023-04-02,13%,East,4,2023
2104,Land Lite,Apparel,36.03,2,72.06,William Jackson,2023-05-11,0%,South,5,2023
2105,Upon Classic,Home Decor,12.12,3,36.36,Jessica Hunter,2024-09-05,0%,North,9,2024
2106,Into Lite,Electronics,388.1,3,1164.3000000000002,Customer 10,Invalid Date,0%,West,<NA>,<NA>
2107,Live Classic,Furniture,816.83,3,2450.4900000000002,Jason Soto,2023-03-06,0%,West,3,2023
2108,A Classic,Furniture,111.47,3,334.40999999999997,Mark Carrillo,2024-05-02,21%,South,5,2024
2109,Different Max,Furniture,669.2,3,2007.6000000000001,Troy Esparza,2023-11-03,0%,South,11,2023
2110,Perhaps Plus,Electronics,435.15,2,870.3,Ellen Turner,2024-10-22,0%,South,10,2024
2111,Campaign Lite,Sports,173.6,2,347.2,Mark York,2023-05-23,0%,West,5,2023
2112,Gun Lite,Home Decor,177.4,2,354.8,Jordan Hernandez,2024-07-29,0%,West,7,2024
2113,Street Plus,Furniture,398.0,2,796.0,Justin Guerrero,2024-09-07,0%,East,9,2024
2114,Order Lite,Apparel,15.32,4,61.28,Crystal Rodriguez,2022-12-25,0%,North,12,2022
2115,Stay Pro,Home Decor,174.73,1,174.73,Amy Moreno,2024-11-30,0%,East,11,2024
2116,Single Classic,Home Decor,365.43,2,730.86,Bruce Hall,Invalid Date,0%,North,<NA>,<NA>
2117,Evening Classic,Home Decor,34.56,2,69.12,Customer 11,2023-01-26,0%,South,1,2023
2118,Total Pro,Electronics,392.76,4,1571.04,Donna Mullins,2023-03-29,0%,South,3,2023
2119,Seem Max,Furniture,733.28,1,733.28,Kevin Rodriguez,2023-02-11,29%,South,2,2023
2120,Appear Pro,Furniture,864.39,1,864.39,Maria Schneider,2023-06-22,21%,West,6,2023
2121,Hot Max,Furniture,895.41,2,1790.82,Sherri Todd,2024-01-22,15%,South,1,2024
2122,Another Classic,Home Decor,142.7,2,285.4,James Grant,2024-02-07,0%,East,2,2024
2123,Market Classic,Apparel,45.81,2,91.62,Christina Rodriguez,2024-01-07,0%,South,1,2024
2124,Affect Classic,Furniture,866.79,1,866.79,Joel Jenkins,2024-08-12,0%,West,8,2024
2125,Information Classic,Apparel,17.54,2,35.08,Matthew Shepherd,2023-12-12,29%,South,12,2023
2126,Call Max,Apparel,41.88,2,83.76,Mackenzie Lambert,2023-03-23,22%,West,3,2023
2127,Sign Lite,Home Decor,92.8,1,92.8,Melissa Patrick DVM,2023-02-08,7%,North,2,2023
2128,Hour Plus,Home Decor,73.35,4,293.4,Ronald Wilson,2024-03-23,17%,North,3,2024
2129,Traditional Max,Apparel,27.31,2,54.62,Nicolas Dunn,2023-05-01,0%,West,5,2023
2130,Seek Classic,Sports,196.59,4,786.36,Stacey Hayes,2023-09-25,5%,West,9,2023
2131,Prepare Max,Sports,91.27,1,91.27,Anthony Martinez,2024-02-09,0%,East,2,2024
2132,Prove Plus,Electronics,50.57,4,202.28,Roger Perez,2023-01-23,0%,North,1,2023
2133,Worry Plus,Home Decor,94.03,3,282.09000000000003,Customer 12,2024-08-15,0%,West,8,2024
2134,Begin Lite,Electronics,64.92,3,194.76,Rebecca Henderson,2024-10-02,0%,West,10,2024
2135,Claim Plus,Sports,261.75,3,785.25,Christina Williams,2022-12-06,0%,North,12,2022
2136,Fight Lite,Apparel,35.07,3,105.21,Michele Kim,2024-03-18,21%,East,3,2024
2137,Analysis Max,Furniture,848.25,1,848.25,David Harper,2024-01-01,0%,South,1,2024
2138,Phone Plus,Sports,264.07,1,264.07,Anne Woods,2024-06-18,27%,West,6,2024
2139,Reveal Max,Home Decor,27.58,2,55.16,Customer 13,2024-06-24,0%,North,6,2024
2140,Operation Classic,Electronics,242.64,2,485.28,Ashley Flynn,2023-01-17,0%,North,1,2023
2141,Key Pro,Sports,216.14,4,864.56,Mark Williams,2023-07-05,3%,North,7,2023
2142,Wish Lite,Sports,113.72,3,341.16,Kevin Rodgers,2024-06-04,0%,North,6,2024
2143,The Classic,Apparel,28.49,4,113.96,Aaron West,Invalid Date,0%,South,<NA>,<NA>
2144,Very Pro,Electronics,113.77,3,341.31,Andrea Baker,2024-06-16,14%,East,6,2024
2145,Including Pro,Home Decor,66.27,4,265.08,Amanda Tucker,2023-05-23,0%,South,5,2023
2146,Enjoy Classic,Sports,114.34,3,343.02,Heather Hernandez,2023-01-05,0%,East,1,2023
2147,Guy Plus,Apparel,30.74,2,61.48,Luke Chase,2024-04-09,7%,North,4,2024
2148,Daughter Classic,Electronics,367.86,1,367.86,Heather Martinez,2024-11-16,0%,North,11,2024
2149,Itself Plus,Electronics,225.2,2,450.4,Customer 14,2024-04-09,0%,North,4,2024
2150,Management Pro,Sports,209.61,2,419.22,Megan Pace,2024-03-05,0%,South,3,2024
2151,Method Lite,Sports,59.72,1,59.72,Shannon Howard,2022-12-06,0%,West,12,2022
2152,Late Classic,Home Decor,29.72,2,59.44,Dustin Cummings,2024-07-17,3%,East,7,2024
2153,Sit Classic,Sports,129.9,2,259.8,Customer 15,2024-10-28,0%,West,10,2024
2154,Section Max,Furniture,908.78,2,1817.56,Daniel Smith,2023-01-18,0%,West,1,2023
2155,Third Pro,Sports,163.86,4,655.44,Carol Lynn,2023-10-25,0%,South,10,2023
2156,Special Lite,Furniture,608.09,3,1824.27,Jerry Johnson,2024-05-14,15%,East,5,2024
2157,High Pro,Sports,132.86,1,132.86,George Callahan,2023-08-03,0%,North,8,2023
2158,Property Pro,Electronics,305.12,1,305.12,Donald Cruz,2024-01-09,3%,South,1,2024
2159,State Lite,Home Decor,116.34,4,465.36,Benjamin Nelson MD,Invalid Date,0%,South,<NA>,<NA>
2160,Agreement Max,Home Decor,56.27,1,56.27,Jamie Sanders,Invalid Date,0%,North,<NA>,<NA>
2161,As Classic,Apparel,64.12,1,64.12,Customer 16,2024-06-10,0%,South,6,2024
2162,Doctor Max,Apparel,13.4,2,26.8,John Garcia,2024-04-12,1%,West,4,2024
2163,Resource Plus,Apparel,37.99,2,75.98,Jamie Mcdaniel,2022-12-18,0%,North,12,2022
2164,Watch Pro,Sports,17.22,4,68.88,Customer 17,2023-04-05,18%,East,4,2023
2165,Attention Plus,Home Decor,17.47,2,34.94,Jose Peck,2023-03-18,0%,North,3,2023
2166,Physical Plus,Electronics,377.15,2,754.3,Sarah Johns,2023-11-22,6%,West,11,2023
2167,Information Classic,Furniture,199.58,3,598.74,Tara Berry,2023-11-07,0%,East,11,2023
2168,Break Classic,Furniture,575.76,1,575.76,Melissa Larson,2022-12-24,0%,East,12,2022
2169,Million Lite,Apparel,31.46,2,62.92,Brianna Zavala,Invalid Date,28%,West,<NA>,<NA>
2170,Market Lite,Electronics,92.42,4,369.68,Customer 18,2024-07-31,0%,North,7,2024
2171,Watch Classic,Apparel,12.24,4,48.96,Sarah Reid,2023-07-05,6%,North,7,2023
2172,Discussion Max,Furniture,998.43,3,2995.29,Jeremiah Miller,2024-04-25,0%,East,4,2024
2173,Finish Max,Apparel,11.13,4,44.52,Customer 19,2023-09-16,14%,West,9,2023
2174,Something Pro,Apparel,45.41,3,136.23,Hunter Rice,2023-10-09,0%,East,10,2023
2175,Inside Classic,Apparel,10.78,3,32.34,Jessica Wilson,2024-06-24,0%,West,6,2024
2176,Sign Pro,Sports,76.15,2,152.3,Ryan Austin,2024-08-29,0%,East,8,2024
2177,Others Plus,Home Decor,13.46,2,26.92,Brian Thomas,2023-09-27,0%,West,9,2023
2178,Office Pro,Apparel,19.37,3,58.11,Samuel Stephens,2023-11-04,0%,South,11,2023
2179,Discover Max,Apparel,19.96,4,79.84,Joseph Maynard,2023-10-07,0%,South,10,2023
2180,Opportunity Plus,Home Decor,171.2,1,171.2,Gary Johnson,2023-12-25,15%,East,12,2023
2181,Look Plus,Home Decor,166.39,3,499.17,Sylvia Sherman,2024-04-01,11%,North,4,2024
2182,His Plus,Sports,68.91,4,275.64,Jonathan Kelly,2023-06-15,4%,West,6,2023
2183,Far Pro,Apparel,40.8,1,40.8,Gregory Williams,2023-06-19,17%,North,6,2023
2184,Look Max,Apparel,41.42,2,82.84,Vincent Taylor,2024-09-11,0%,East,9,2024
2185,Wait Classic,Home Decor,70.07,1,70.07,Angie West,Invalid Date,16%,North,<NA>,<NA>
2186,Nothing Plus,Furniture,841.84,1,841.84,Customer 20,2023-12-25,0%,West,12,2023
2187,Range Max,Apparel,17.1,2,34.2,Nicole Brown,2024-08-17,0%,East,8,2024
2188,Matter Lite,Home Decor,162.42,2,324.84,Sue Reyes,2023-06-19,0%,North,6,2023
2189,Which Lite,Electronics,274.06,2,548.12,Jennifer Dixon,2023-03-27,0%,East,3,2023
2190,Different Pro,Sports,125.68,3,377.04,Adam Pace,2023-05-13,12%,West,5,2023
2191,Little Classic,Electronics,477.28,3,1431.84,Mark Cervantes,2023-09-30,0%,East,9,2023
2192,South Max,Sports,68.93,2,137.86,Customer 21,2024-04-23,0%,South,4,2024
2193,Enjoy Max,Sports,279.44,2,558.88,Matthew Fields,2023-09-05,0%,East,9,2023
2194,Occur Pro,Electronics,125.54,1,125.54,Jeremy Ramirez,2023-05-21,0%,South,5,2023
2195,Mean Max,Furniture,169.59,2,339.18,Customer 22,2023-01-26,0%,West,1,2023
2196,Answer Pro,Sports,35.16,3,105.47999999999999,Michael Miller,2024-07-16,0%,East,7,2024
2197,Make Classic,Sports,102.94,2,205.88,Customer 23,2024-06-10,28%,South,6,2024
2198,Tv Classic,Electronics,112.48,2,224.96,Tammy Little,2023-06-05,16%,North,6,2023
2199,Boy Pro,Apparel,30.03,2,60.06,Kristin Wagner,2023-07-28,0%,West,7,2023
2200,Outside Pro,Apparel,11.34,3,34.02,Richard Williams,2023-07-06,0%,East,7,2023
2201,Feel Pro,Electronics,163.87,2,327.74,Patrick Barber,2023-11-18,0%,East,11,2023
2202,Government Lite,Home Decor,120.94,4,483.76,Meagan Crosby,2023-03-11,0%,South,3,2023
2203,End Classic,Electronics,72.23,2,144.46,Ashley Sandoval,2024-01-15,0%,East,1,2024
2204,Girl Max,Apparel,36.56,4,146.24,Lynn Griffin,2024-12-01,13%,South,12,2024
2205,Bag Pro,Home Decor,82.91,4,331.64,Mr. David Lowe,2024-08-11,0%,East,8,2024
2206,Without Classic,Furniture,140.58,2,281.16,Ryan Williams,2023-06-03,0%,East,6,2023
2207,Chance Max,Furniture,171.75,2,343.5,Elizabeth Alexander,Invalid Date,0%,North,<NA>,<NA>
2208,Course Lite,Home Decor,40.08,2,80.16,Karen Davis,2023-05-02,26%,West,5,2023
2209,Choose Plus,Furniture,708.18,2,1416.36,John Salinas,2024-02-13,0%,North,2,2024
2210,Rich Lite,Furniture,777.28,4,3109.12,William Mitchell,2024-11-11,16%,West,11,2024
2211,Sometimes Max,Electronics,256.59,1,256.59,Kelly Gray,2024-05-17,0%,East,5,2024
2212,Over Max,Home Decor,186.64,4,746.56,Nicole Frye,2023-01-09,0%,South,1,2023
2213,Read Lite,Home Decor,165.74,4,662.96,Jennifer Chang,2024-08-27,0%,South,8,2024
2214,Buy Pro,Home Decor,24.23,1,24.23,Customer 24,2024-07-26,0%,North,7,2024
2215,Analysis Pro,Home Decor,195.44,2,390.88,Vanessa Moore,2023-04-04,30%,West,4,2023
2216,The Pro,Home Decor,109.58,2,219.16,Nicholas Young,2023-09-17,0%,West,9,2023
2217,The Max,Electronics,87.17,4,348.68,Joel Harris,2023-11-26,0%,West,11,2023
2218,Off Classic,Electronics,435.62,3,1306.8600000000001,Amanda Palmer,2024-07-01,0%,East,7,2024
2219,Region Lite,Home Decor,51.52,3,154.56,Timothy Miller,2023-07-23,0%,North,7,2023
2220,Wall Pro,Sports,268.42,4,1073.68,Christopher Olson,2023-12-25,0%,South,12,2023
2221,We Pro,Sports,100.54,1,100.54,Angel Kelly,2023-02-06,0%,South,2,2023
2222,To Lite,Home Decor,198.62,3,595.86,Laura Obrien,2024-01-01,0%,North,1,2024
2223,Himself Pro,Furniture,863.38,3,2590.14,Olivia Henderson,2023-03-07,0%,West,3,2023
2224,Discussion Pro,Sports,231.97,4,927.88,Jeffrey Howard,2024-02-04,0%,North,2,2024
2225,Customer Max,Electronics,290.49,4,1161.96,Valerie Leonard,2024-05-10,0%,South,5,2024
2226,President Lite,Electronics,274.78,2,549.56,Jordan Macias,2023-05-30,6%,East,5,2023
2227,Office Classic,Furniture,873.04,4,3492.16,Megan Silva,2024-11-03,0%,North,11,2024
2228,Technology Max,Furniture,850.77,3,2552.31,Chelsea Gibson,2023-09-12,13%,West,9,2023
2229,Agency Pro,Apparel,19.38,4,77.52,Catherine Rhodes,2023-01-12,13%,East,1,2023
2230,Trouble Lite,Electronics,434.5,3,1303.5,Customer 25,2024-07-08,20%,North,7,2024
2231,Area Classic,Apparel,41.06,2,82.12,Ricky Smith,2024-06-28,0%,South,6,2024
2232,Now Pro,Sports,256.76,3,770.28,Samuel Pratt,2024-08-09,0%,North,8,2024
2233,Different Lite,Electronics,114.59,1,114.59,Danielle Lester,2023-08-23,0%,East,8,2023
2234,Wall Max,Home Decor,171.95,3,515.85,Ashley Bradley,2024-01-22,0%,North,1,2024
2235,Finally Pro,Home Decor,251.33,2,502.66,Sheryl Garcia,2024-03-19,0%,West,3,2024
2236,Difference Plus,Apparel,13.8,2,27.6,Natalie Bradford,2024-09-04,0%,West,9,2024
2237,Size Pro,Sports,185.03,2,370.06,Mary James MD,2024-06-09,0%,South,6,2024
2238,Leg Lite,Sports,153.44,3,460.32,Douglas Collins,2023-03-22,11%,West,3,2023
2239,Safe Classic,Home Decor,66.97,3,200.91,Terry Houston,2022-12-26,25%,North,12,2022
2240,Vote Lite,Apparel,38.48,3,115.44,Deborah Lambert,2024-11-05,0%,West,11,2024
2241,Apply Pro,Sports,242.29,2,484.58,Victoria Jones,2024-03-02,0%,South,3,2024
2242,Actually Plus,Apparel,17.6,1,17.6,Samantha Finley,2023-09-05,9%,South,9,2023
2243,Music Pro,Apparel,21.82,3,65.46,Sarah Richmond,2024-01-16,0%,West,1,2024
2244,Number Classic,Home Decor,135.78,3,407.34,Margaret Leon,2024-07-07,0%,East,7,2024
2245,Price Lite,Electronics,144.52,3,433.56000000000006,Customer 26,2023-11-21,13%,South,11,2023
2246,South Max,Home Decor,181.72,3,545.16,Darrell Acevedo Jr.,2024-07-16,0%,West,7,2024
2247,Break Lite,Home Decor,124.06,3,372.18,Melissa Little,2023-03-16,0%,East,3,2023
2248,Under Classic,Home Decor,62.48,3,187.44,Robert Snyder,2024-08-21,0%,North,8,2024
2249,Character Pro,Home Decor,104.05,3,312.15,Amanda Compton,2023-01-14,0%,North,1,2023
2250,Card Classic,Apparel,22.13,2,44.26,Alec Holland,2023-09-15,0%,West,9,2023
2251,May Max,Furniture,244.39,3,733.17,Tina Arnold,2024-11-18,0%,East,11,2024
2252,She Lite,Sports,84.16,3,252.48,Thomas Cantrell,2023-06-05,16%,West,6,2023
2253,Vote Pro,Sports,246.85,3,740.55,Customer 27,2024-03-18,27%,West,3,2024
2254,Way Max,Sports,66.67,2,133.34,Gail Fuller,Invalid Date,0%,West,<NA>,<NA>
2255,Serious Classic,Home Decor,9.93,2,19.86,Kaitlyn Alexander,2024-09-11,0%,East,9,2024
2256,Cut Max,Sports,110.15,1,110.15,Thomas Jones,2023-04-15,0%,South,4,2023
2257,Moment Classic,Furniture,877.01,2,1754.02,Lisa Wang,2023-06-22,0%,West,6,2023
2258,Authority Plus,Home Decor,107.28,3,321.84,Laura Fisher,2023-06-17,0%,South,6,2023
2259,Commercial Max,Apparel,13.22,2,26.44,Chase Howard,2024-11-22,9%,East,11,2024
2260,Others Max,Furniture,57.95,1,57.95,Nicole Scott,2024-06-13,0%,South,6,2024
2261,Mission Plus,Home Decor,187.73,4,750.92,Christopher Marshall,2023-09-14,0%,North,9,2023
2262,Ability Classic,Apparel,11.21,3,33.63,Terri Miller,2024-06-06,0%,West,6,2024
2263,Like Plus,Furniture,46.01,3,138.03,Mark Taylor,2023-07-30,0%,East,7,2023
2264,Field Classic,Apparel,35.01,4,140.04,Roy Moore,2024-09-02,0%,East,9,2024
2265,Away Lite,Sports,98.63,3,295.89,Customer 28,2024-08-14,0%,East,8,2024
2266,Scientist Max,Furniture,285.84,2,571.68,Jack Olson,2023-05-20,0%,West,5,2023
2267,Pass Pro,Apparel,49.44,3,148.32,Tammy Curtis,2024-04-11,25%,North,4,2024
2268,Push Plus,Home Decor,170.99,4,683.96,Tony Tucker,2024-09-02,0%,East,9,2024
2269,Defense Lite,Electronics,352.96,2,705.92,Mary Garza,2024-06-13,0%,South,6,2024
2270,Play Lite,Sports,289.25,3,867.75,Gabriel Holder,2024-08-23,22%,South,8,2024
2271,Part Max,Furniture,58.89,2,117.78,Charles Martin,2023-10-27,21%,North,10,2023
2272,Measure Plus,Electronics,443.66,2,887.32,Christopher Vega,2024-01-09,10%,West,1,2024
2273,Fire Plus,Electronics,183.92,3,551.76,Lisa Jones,2023-01-24,0%,East,1,2023
2274,Discuss Plus,Sports,172.63,1,172.63,Sarah Clark,2024-07-06,3%,South,7,2024
2275,Cause Pro,Home Decor,5.7,2,11.4,Andrea Simmons,2022-12-28,0%,West,12,2022
2276,Wait Max,Apparel,11.7,2,23.4,Joan Martinez,2023-08-20,0%,East,8,2023
2277,Chance Plus,Sports,99.52,4,398.08,Mr. James Bryant,2023-10-01,0%,West,10,2023
2278,Push Pro,Electronics,186.83,4,747.32,Jamie Taylor,2023-08-31,0%,East,8,2023
2279,Type Lite,Sports,21.16,2,42.32,Randall Andrews,2023-10-03,0%,East,10,2023
2280,Ever Lite,Electronics,280.4,1,280.4,David Castillo,2023-03-31,28%,West,3,2023
2281,Girl Plus,Furniture,122.95,3,368.85,Lisa Harris,2023-11-08,0%,East,11,2023
2282,Join Max,Furniture,958.75,1,958.75,Tara Butler,2023-06-21,0%,East,6,2023
2283,Song Classic,Electronics,243.69,2,487.38,Jonathan Watson,Invalid Date,0%,North,<NA>,<NA>
2284,Almost Lite,Furniture,444.19,3,1332.57,Spencer Mcmahon,2023-12-24,0%,West,12,2023
2285,Kitchen Plus,Apparel,47.7,4,190.8,Ryan Fowler,2023-01-04,0%,South,1,2023
2286,Start Pro,Electronics,313.79,3,941.3700000000001,Keith Shepard,2023-11-13,0%,West,11,2023
2287,Forward Lite,Sports,117.89,2,235.78,Tina Tapia,2024-01-06,27%,East,1,2024
2288,Age Classic,Electronics,269.39,3,808.17,Lisa Davis,2023-01-06,0%,West,1,2023
2289,Should Lite,Apparel,27.85,4,111.4,Jennifer Hughes,2023-06-21,22%,North,6,2023
2290,Century Pro,Home Decor,193.14,3,579.42,Brian Smith,2024-05-31,0%,East,5,2024
2291,These Plus,Apparel,25.63,4,102.52,Customer 29,2024-03-30,0%,East,3,2024
2292,School Pro,Apparel,13.65,3,40.95,Mary Robinson,2024-11-22,0%,South,11,2024
2293,Arrive Pro,Furniture,692.02,3,2076.06,Shawn Gonzales,2024-01-17,29%,South,1,2024
2294,Team Lite,Apparel,39.46,2,78.92,Holly Reyes,2024-02-20,27%,West,2,2024
2295,Draw Max,Apparel,10.24,1,10.24,Customer 30,2023-07-29,21%,North,7,2023
2296,Together Lite,Home Decor,165.61,2,331.22,Johnny Ryan,2023-08-27,24%,East,8,2023
2297,Five Max,Sports,197.66,2,395.32,Customer 31,2024-11-02,1%,West,11,2024
2298,Play Pro,Sports,49.11,3,147.33,Customer 32,2023-06-14,0%,South,6,2023
2299,Receive Classic,Furniture,471.29,4,1885.16,Ashley Richard,2024-01-07,0%,North,1,2024
2300,Ground Classic,Apparel,30.36,2,60.72,Troy Torres,2024-10-11,0%,East,10,2024
2301,Stand Pro,Furniture,211.9,3,635.7,Michael Miller,2023-06-10,0%,South,6,2023
2302,Pressure Lite,Sports,206.99,1,206.99,Dominic Carey,2023-05-12,0%,North,5,2023
2303,Dream Lite,Furniture,627.81,2,1255.62,Corey Hanna,2023-10-25,0%,North,10,2023
2304,Above Plus,Home Decor,82.17,2,164.34,David Fletcher,2023-09-25,0%,North,9,2023
2305,Future Plus,Furniture,907.55,4,3630.2,Daniel Carson,2023-05-01,13%,East,5,2023
2306,Table Classic,Home Decor,129.52,2,259.04,Erica Baxter,2022-12-07,0%,South,12,2022
2307,Fund Pro,Home Decor,23.53,1,23.53,Jeremy Howard,2023-11-14,8%,South,11,2023
2308,Hair Pro,Electronics,233.38,2,466.76,Carol Ortega,2024-09-23,1%,East,9,2024
2309,Job Pro,Sports,25.21,2,50.42,Sarah Perez,2024-05-28,0%,West,5,2024
2310,Everyone Max,Electronics,379.51,4,1518.04,Gary Brown,2023-04-04,0%,South,4,2023
2311,Table Classic,Home Decor,138.49,2,276.98,Michael Jackson,2023-03-28,1%,West,3,2023
2312,Offer Classic,Sports,70.46,3,211.38,Caleb Hunter Jr.,2024-04-03,0%,North,4,2024
2313,Level Plus,Furniture,195.94,2,391.88,Thomas English,2023-02-24,0%,North,2,2023
2314,Along Max,Home Decor,165.37,3,496.11,Mr. Terry Coleman,2023-07-26,0%,East,7,2023
2315,Short Pro,Home Decor,89.46,4,357.84,Sharon Reed,2023-09-19,25%,North,9,2023
2316,Night Pro,Electronics,119.78,4,479.12,Bridget Rodriguez,2023-11-29,8%,East,11,2023
2317,Position Classic,Electronics,482.21,2,964.42,Mr. Daniel Hawkins,2023-06-24,0%,East,6,2023
2318,Break Plus,Sports,43.56,2,87.12,Mr. Jacob Campbell,2024-10-06,0%,South,10,2024
2319,Conference Pro,Electronics,111.22,2,222.44,Kristen Jenkins,2024-10-28,0%,North,10,2024
2320,Wind Lite,Apparel,34.26,4,137.04,Vanessa Bell,2024-11-01,8%,South,11,2024
2321,Computer Lite,Furniture,58.99,3,176.97,Grant Silva,2024-01-06,0%,South,1,2024
2322,Recent Pro,Electronics,224.6,2,449.2,Mary Roberts,2024-05-13,0%,East,5,2024
2323,Task Plus,Furniture,114.95,3,344.85,Richard Whitney,2023-07-24,26%,North,7,2023
2324,Fear Classic,Electronics,178.33,4,713.32,Alyssa Smith,2024-05-03,0%,South,5,2024
2325,Single Classic,Home Decor,365.43,2,730.86,Brenda Peterson,2024-01-12,0%,North,1,2024
2326,Talk Plus,Home Decor,133.83,3,401.49,Michael Liu,2023-05-07,0%,West,5,2023
2327,Cold Plus,Apparel,20.84,3,62.52,Cameron Bryan,2024-04-24,0%,North,4,2024
2328,Throw Lite,Home Decor,50.15,2,100.3,Mary Pace,2024-07-19,18%,South,7,2024
2329,Themselves Pro,Apparel,24.48,1,24.48,Customer 33,2023-06-12,0%,East,6,2023
2330,Brother Pro,Sports,33.76,2,67.52,Angela Martinez,2023-11-05,0%,South,11,2023
2331,Successful Classic,Home Decor,40.48,2,80.96,James Matthews,2023-08-26,15%,South,8,2023
2332,According Classic,Electronics,42.19,4,168.76,Mark Martinez,2024-07-16,0%,North,7,2024
2333,My Plus,Furniture,519.63,2,1039.26,Amber Wilson,2024-08-27,0%,South,8,2024
2334,Make Lite,Electronics,127.75,1,127.75,Customer 34,2024-01-17,0%,South,1,2024
2335,Ok Max,Home Decor,36.98,3,110.94,Danielle Cook,2023-03-14,0%,North,3,2023
2336,Worry Pro,Furniture,659.1,4,2636.4,Jennifer Ritter,2023-08-29,2%,East,8,2023
2337,Build Lite,Furniture,997.95,1,997.95,Michael Warren,2023-06-19,26%,North,6,2023
2338,Nothing Lite,Home Decor,63.15,1,63.15,Leah Adams,2023-03-17,2%,West,3,2023
2339,Stop Plus,Sports,197.35,4,789.4,Melissa Austin,2023-01-29,0%,East,1,2023
2340,Open Max,Home Decor,124.19,2,248.38,Dominique Watkins,2023-09-17,0%,East,9,2023
2341,Professor Lite,Apparel,16.12,3,48.36,John Richardson,2024-08-02,0%,North,8,2024
2342,Maybe Plus,Home Decor,73.67,3,221.01,Jennifer Cooper,2024-11-13,0%,East,11,2024
2343,Low Classic,Apparel,26.19,2,52.38,Linda Collins,2023-12-30,0%,East,12,2023
2344,Capital Lite,Home Decor,18.07,2,36.14,Roberto Davis,2024-01-02,11%,South,1,2024
2345,Already Pro,Apparel,11.18,4,44.72,Katherine Griffin,2023-09-15,0%,West,9,2023
2346,Seven Pro,Furniture,639.73,2,1279.46,Erin Wilkinson,2023-01-01,0%,East,1,2023
2347,Parent Max,Apparel,31.25,3,93.75,Customer 35,2024-03-19,23%,West,3,2024
2348,Ground Plus,Home Decor,181.81,2,363.62,Sean Nichols,2024-11-10,0%,North,11,2024
2349,Old Classic,Furniture,391.88,4,1567.52,Michael Johnson,2023-01-03,20%,East,1,2023
2350,Cost Max,Electronics,173.96,2,347.92,Lori Edwards,2024-05-02,0%,East,5,2024
2351,Agency Plus,Apparel,36.84,3,110.52,Stephen Sharp,2023-12-13,26%,South,12,2023
2352,Art Lite,Home Decor,68.01,1,68.01,Garrett Fowler,Invalid Date,11%,South,<NA>,<NA>
2353,Serve Lite,Home Decor,130.2,4,520.8,Melanie Jones,Invalid Date,0%,West,<NA>,<NA>
2354,Forward Plus,Furniture,687.94,1,687.94,Miss Amy Gomez,2024-05-25,0%,West,5,2024
2355,Collection Lite,Electronics,153.89,4,615.56,Jason Thomas,2023-11-04,0%,South,11,2023
2356,Population Plus,Furniture,279.62,3,838.86,Samuel Garcia,2023-06-01,0%,North,6,2023
2357,Country Max,Electronics,206.37,4,825.48,Jeffrey Jones,Invalid Date,0%,West,<NA>,<NA>
2358,Doctor Classic,Furniture,306.48,3,919.44,Customer 36,2024-03-28,0%,West,3,2024
2359,Increase Classic,Home Decor,56.28,2,112.56,Natasha Cardenas,2023-04-26,0%,South,4,2023
2360,Six Plus,Apparel,16.03,3,48.09,Aimee Johnson,2023-06-17,0%,South,6,2023
2361,Adult Plus,Apparel,14.22,1,14.22,Richard Henderson,2024-06-11,0%,West,6,2024
2362,Citizen Lite,Sports,255.84,2,511.68,Ashley Ware,2023-04-03,27%,West,4,2023
2363,Statement Pro,Sports,148.92,2,297.84,Customer 37,2023-04-01,22%,West,4,2023
2364,Strong Plus,Home Decor,65.43,3,196.29,Jennifer Henderson,2024-02-06,15%,North,2,2024
2365,Street Max,Sports,758.93,2,1517.86,Amy Deleon,2024-03-06,0%,South,3,2024
2366,Relationship Pro,Apparel,18.16,2,36.32,Michael Pena,2024-10-18,0%,East,10,2024
2367,Support Pro,Sports,282.99,2,565.98,Joseph Peterson,2023-05-07,0%,West,5,2023
2368,Father Max,Home Decor,73.12,3,219.36,Nicole French,2023-03-29,0%,East,3,2023
2369,Fast Lite,Sports,67.84,4,271.36,Aaron Alexander,2023-10-07,3%,East,10,2023
2370,Recently Plus,Sports,284.22,2,568.44,Erin Allen,2023-04-24,0%,North,4,2023
2371,Happy Max,Furniture,151.47,2,302.94,Michael Walker,2023-12-17,16%,South,12,2023
2372,Ground Classic,Apparel,22.49,1,22.49,Customer 38,2024-10-11,0%,South,10,2024
2373,Letter Classic,Furniture,724.28,3,2172.84,Joel Poole,2023-03-12,22%,East,3,2023
2374,Thought Classic,Furniture,437.31,2,874.62,Jared Sutton,2023-10-22,0%,East,10,2023
2375,Year Max,Home Decor,172.57,4,690.28,Samuel Glover,2023-03-14,0%,South,3,2023
2376,Each Max,Home Decor,50.91,3,152.73,Jacob Munoz,2024-08-05,0%,North,8,2024
2377,Commercial Max,Electronics,342.38,2,684.76,Kim Martinez,2023-07-04,4%,South,7,2023
2378,Girl Lite,Furniture,796.65,4,3186.6,Heather Jones,2023-10-08,0%,North,10,2023
2379,Set Plus,Electronics,240.56,2,481.12,Christopher Lewis,2024-11-01,23%,North,11,2024
2380,Recent Classic,Home Decor,184.71,3,554.13,Susan Sexton,2023-09-23,0%,West,9,2023
2381,Probably Classic,Furniture,444.84,4,1779.36,Gabriel Grant,2024-11-17,0%,South,11,2024
2382,Knowledge Lite,Furniture,412.9,4,1651.6,Jake Harmon,2023-06-12,0%,West,6,2023
2383,Democratic Plus,Furniture,613.02,2,1226.04,Bethany Ruiz,2024-10-02,18%,North,10,2024
2384,Bag Classic,Home Decor,165.68,4,662.72,Christina Valdez,2024-03-12,0%,East,3,2024
2385,Significant Pro,Apparel,22.7,3,68.1,Joseph Lawson,2024-01-20,20%,North,1,2024
2386,Interest Lite,Apparel,30.18,2,60.36,Laura Ross,2024-01-20,0%,North,1,2024
2387,Leader Max,Apparel,44.72,4,178.88,Jacob Lawson,2023-08-21,26%,South,8,2023
2388,Oil Max,Apparel,35.29,4,141.16,Daniel Rivas,2024-02-06,0%,East,2,2024
2389,Music Classic,Apparel,17.11,4,68.44,Customer 39,2023-02-05,0%,North,2,2023
2390,Direction Lite,Furniture,897.19,3,2691.57,Samantha Woods MD,2024-06-12,0%,West,6,2024
2391,Finally Max,Sports,167.91,3,503.73,Ryan Perez,2023-06-25,0%,North,6,2023
2392,My Pro,Home Decor,128.19,4,512.76,Michele Page,2024-06-17,17%,East,6,2024
2393,Prevent Pro,Furniture,618.57,2,1237.14,David Frank,2024-07-20,0%,West,7,2024
2394,Figure Lite,Apparel,41.93,3,125.79,Gordon Henry,2023-05-08,0%,North,5,2023
2395,Stand Plus,Sports,177.95,2,355.9,Heather Stein,2023-01-01,0%,East,1,2023
2396,West Classic,Apparel,46.51,1,46.51,Customer 40,2023-12-11,15%,North,12,2023
2397,Generation Lite,Home Decor,36.16,4,144.64,Jonathan Davis,2023-02-02,22%,East,2,2023
2398,Onto Classic,Furniture,460.73,2,921.46,Customer 41,Invalid Date,0%,South,<NA>,<NA>
2399,Indicate Plus,Furniture,267.32,4,1069.28,Joshua Gonzalez,2024-07-02,0%,South,7,2024
2400,Rock Plus,Electronics,149.9,3,449.70000000000005,Customer 42,2022-12-23,0%,East,12,2022
2401,Themselves Max,Apparel,31.64,2,63.28,Tara Wilcox,2023-05-01,0%,South,5,2023
2402,View Max,Furniture,633.76,1,633.76,Douglas Moran,2024-08-30,0%,South,8,2024
2403,No Classic,Furniture,781.28,2,1562.56,Scott Sanchez,2023-01-11,0%,South,1,2023
2404,Wife Lite,Furniture,390.34,4,1561.36,Holly Douglas,Invalid Date,7%,West,<NA>,<NA>
2405,Economy Classic,Home Decor,184.07,3,552.21,Lauren Thomas,2024-01-09,0%,North,1,2024
2406,Forget Max,Sports,36.92,3,110.76,Ronald Delacruz,2024-06-18,0%,North,6,2024
2407,Head Max,Home Decor,57.81,2,115.62,Jo Gibbs,2024-10-10,22%,West,10,2024
2408,Recognize Pro,Apparel,48.96,2,97.92,Carlos Clements,2023-06-21,0%,South,6,2023
2409,His Max,Sports,168.99,4,675.96,Customer 43,2023-11-27,14%,West,11,2023
2410,Push Plus,Apparel,17.17,1,17.17,Douglas Tucker,2024-08-18,0%,North,8,2024
2411,Bad Classic,Electronics,471.45,2,942.9,Customer 44,2023-04-05,7%,West,4,2023
2412,Audience Classic,Furniture,840.38,2,1680.76,Ryan Riley,2023-08-17,17%,West,8,2023
2413,Participant Max,Electronics,443.41,4,1773.64,Michelle Caldwell,2023-10-27,0%,South,10,2023
2414,Dream Pro,Apparel,39.12,3,117.36,Customer 45,2024-11-13,13%,East,11,2024
2415,Election Pro,Apparel,49.47,2,98.94,Katherine Dalton,2024-09-11,0%,South,9,2024
2416,Soldier Max,Sports,92.79,3,278.37,Daniel Roberts,2023-09-27,0%,South,9,2023
2417,These Lite,Furniture,196.48,1,196.48,Elizabeth Freeman,2023-12-24,0%,South,12,2023
2418,It Pro,Electronics,230.04,2,460.08,Kathleen Mason,2024-11-13,0%,North,11,2024
2419,Executive Plus,Home Decor,98.76,1,98.76,Mary Scott,Invalid Date,4%,West,<NA>,<NA>
2420,Probably Classic,Sports,291.23,2,582.46,Andrea Hamilton,Invalid Date,13%,North,<NA>,<NA>
2421,Civil Max,Electronics,154.94,3,464.82,Keith Pittman,2024-06-12,0%,North,6,2024
2422,Imagine Max,Furniture,744.37,3,2233.11,Patrick Little,2024-06-10,19%,East,6,2024
2423,Together Lite,Sports,130.55,3,391.65,Penny Bradley,2024-01-06,0%,North,1,2024
2424,Thus Plus,Home Decor,162.3,3,486.90000000000003,Larry Beard,2024-04-27,21%,South,4,2024
2425,Style Plus,Home Decor,129.18,4,516.72,Brandon Martin,2023-09-24,0%,North,9,2023
2426,Without Max,Home Decor,69.49,4,277.96,Customer 46,2023-10-17,0%,East,10,2023
2427,Order Plus,Sports,55.14,2,110.28,Steve Brown,2024-07-30,0%,West,7,2024
2428,Important Classic,Home Decor,111.43,3,334.29,Dakota Soto,2022-12-12,0%,East,12,2022
2429,Success Max,Home Decor,36.39,3,109.17,Rhonda Jones,2023-01-21,0%,East,1,2023
2430,Official Plus,Sports,162.64,1,162.64,Anthony Cunningham,2024-07-12,7%,West,7,2024
2431,Like Plus,Apparel,46.01,2,92.02,Kyle Gilbert,2024-11-21,16%,North,11,2024
2432,Later Max,Sports,272.61,2,545.22,Randy Lutz,2024-02-04,0%,South,2,2024
2433,Look Max,Electronics,323.38,2,646.76,Customer 47,2023-05-31,8%,North,5,2023
2434,Fact Pro,Sports,291.89,2,583.78,David Williams,2023-05-19,0%,West,5,2023
2435,Child Lite,Furniture,803.21,3,2409.63,Abigail Rogers,2023-04-13,0%,South,4,2023
2436,At Classic,Apparel,22.12,1,22.12,Customer 48,Invalid Date,15%,North,<NA>,<NA>
2437,Protect Classic,Home Decor,118.32,2,236.64,Sherri Osborn,2023-08-28,0%,South,8,2023
2438,Big Plus,Sports,196.5,3,589.5,Sean Mendoza,2023-05-03,28%,East,5,2023
2439,Wall Lite,Furniture,922.94,3,2768.82,Nicholas Hamilton,2024-09-18,0%,North,9,2024
2440,Magazine Pro,Sports,113.41,3,340.23,Frank Gregory,2024-05-09,0%,South,5,2024
2441,Table Pro,Electronics,365.82,1,365.82,Courtney Garrett,2023-04-13,0%,East,4,2023
2442,Analysis Classic,Sports,85.7,2,171.4,Roberta White,2024-06-30,0%,West,6,2024
2443,Economy Lite,Furniture,990.3,3,2970.9,Sandra Hicks,2023-12-13,0%,East,12,2023
2444,Truth Max,Apparel,37.31,2,74.62,Carl Wise,2022-12-09,10%,South,12,2022
2445,Soldier Classic,Apparel,16.62,3,49.86,Customer 49,2023-08-07,0%,South,8,2023
2446,Simple Plus,Electronics,388.64,3,1165.92,Customer 50,2023-01-08,0%,South,1,2023
2447,Plant Pro,Furniture,646.29,2,1292.58,Michelle Mccullough,2023-02-26,0%,South,2,2023
2448,Machine Plus,Home Decor,199.78,4,799.12,Christine White,2022-12-23,0%,North,12,2022
2449,Food Plus,Sports,251.29,4,1005.16,Paul Fox,2023-03-26,0%,East,3,2023
2450,Name Plus,Home Decor,190.11,3,570.33,Andrea Nguyen,2023-06-28,1%,East,6,2023
2451,Step Lite,Electronics,94.85,3,284.55,Customer 51,2023-05-01,1%,East,5,2023
2452,Leave Classic,Sports,176.11,3,528.33,Thomas Greene,2023-11-17,0%,North,11,2023
2453,Media Plus,Electronics,397.41,3,1192.23,Beth King,2024-10-08,0%,East,10,2024
2454,Indicate Plus,Electronics,211.4,1,211.4,Donald Graham,2023-06-05,16%,East,6,2023
2455,Team Max,Apparel,19.97,1,19.97,Alexander Kaiser,2023-12-29,26%,East,12,2023
2456,Ask Lite,Sports,25.41,2,50.82,Kylie Perry,2024-03-13,24%,West,3,2024
2457,Political Max,Apparel,27.78,4,111.12,James Marquez,2023-07-20,0%,South,7,2023
2458,Receive Plus,Electronics,393.27,3,1179.81,Emma Roth,2024-05-20,0%,South,5,2024
2459,Me Lite,Furniture,123.58,2,247.16,April Winters,2024-04-18,27%,West,4,2024
2460,Example Pro,Sports,254.82,4,1019.28,James Allen,2024-01-03,0%,East,1,2024
2461,Type Pro,Electronics,77.38,2,154.76,Tracey Buchanan,2024-11-10,0%,West,11,2024
2462,Yet Classic,Apparel,42.13,2,84.26,Kelly Peterson,2023-04-18,0%,North,4,2023
2463,World Pro,Electronics,185.65,2,371.3,Mark Hanna DDS,2023-04-21,0%,East,4,2023
2464,Move Lite,Furniture,545.19,3,1635.5700000000002,Tasha Harrison,2024-10-29,0%,North,10,2024
2465,Data Classic,Sports,91.7,2,183.4,Richard Cisneros,2023-11-14,0%,East,11,2023
2466,Culture Lite,Apparel,44.99,3,134.97,Rebekah Garrett,2024-10-03,0%,East,10,2024
2467,To Max,Furniture,217.15,1,217.15,Paul Carroll,2024-04-14,6%,South,4,2024
2468,Water Max,Apparel,23.78,2,47.56,Christy Pearson,2023-06-30,0%,West,6,2023
2469,Style Pro,Sports,55.48,1,55.48,Melissa Wilson,2023-08-09,0%,East,8,2023
2470,Least Pro,Sports,271.33,2,542.66,Michelle Arnold,2024-06-07,13%,East,6,2024
2471,Ground Lite,Electronics,23.28,4,93.12,Robert Burgess,2023-04-25,0%,North,4,2023
2472,Her Plus,Furniture,906.86,4,3627.44,Anthony Lawrence,2023-09-05,0%,South,9,2023
2473,Traditional Max,Sports,183.85,2,367.7,Customer 52,2024-05-30,0%,West,5,2024
2474,Our Classic,Furniture,53.63,2,107.26,Edwin Henry,2023-01-30,0%,South,1,2023
2475,Response Max,Apparel,38.9,3,116.69999999999999,Joseph Ryan,2023-08-10,8%,South,8,2023
2476,Report Classic,Furniture,664.2,3,1992.6,Beth Chase,2023-05-27,20%,North,5,2023
2477,Trouble Max,Furniture,702.38,2,1404.76,Melanie Brooks,2023-12-15,20%,West,12,2023
2478,Region Classic,Sports,45.79,2,91.58,Customer 53,2023-04-04,27%,East,4,2023
2479,Return Classic,Home Decor,177.12,3,531.36,Lori Ellis,2024-11-10,0%,South,11,2024
2480,President Pro,Home Decor,6.28,3,18.84,Jessica Moses,2023-08-31,0%,West,8,2023
2481,Education Classic,Apparel,32.26,3,96.78,Mark Perez,2023-11-09,0%,West,11,2023
2482,Again Classic,Apparel,28.43,4,113.72,Devin Kennedy,2024-06-27,0%,East,6,2024
2483,Inside Max,Home Decor,197.46,4,789.84,Andrea Li,2023-03-03,0%,West,3,2023
2484,Finally Classic,Sports,165.86,4,663.44,Steven Bird,2023-10-30,0%,North,10,2023
2485,Themselves Max,Apparel,32.26,3,96.78,Customer 54,2023-06-14,0%,West,6,2023
2486,News Pro,Electronics,265.9,2,531.8,Bernard Hill,2023-05-25,0%,North,5,2023
2487,Establish Lite,Furniture,353.49,2,706.98,Tina Levy,2023-07-08,9%,North,7,2023
2488,While Plus,Furniture,688.3,1,688.3,Mark Hunt,2023-12-19,0%,East,12,2023
2489,Whether Lite,Furniture,279.87,3,839.61,Joseph Collins,2024-04-23,0%,North,4,2024
2490,Evidence Lite,Sports,79.96,2,159.92,Nicole White,Invalid Date,22%,East,<NA>,<NA>
2491,Personal Classic,Sports,281.82,3,845.46,Jonathon Soto,2023-06-12,0%,North,6,2023
2492,Strategy Lite,Furniture,226.3,4,905.2,Katherine Davis,2024-01-12,13%,East,1,2024
2493,Up Plus,Furniture,166.54,3,499.62,Casey Scott,2024-02-08,30%,South,2,2024
2494,Effort Plus,Electronics,128.62,3,385.86,Customer 55,2024-07-24,0%,South,7,2024
2495,Discussion Plus,Sports,232.29,2,464.58,Katelyn Thompson,2024-05-11,0%,North,5,2024
2496,Why Plus,Electronics,294.55,2,589.1,Alexander Holland,2023-12-09,0%,South,12,2023
2497,Remain Pro,Sports,294.7,3,884.1,Amanda Wilson,2023-11-12,0%,North,11,2023
2498,Manage Classic,Apparel,40.78,4,163.12,Maria Knight,2023-02-03,28%,East,2,2023
2499,Term Plus,Sports,40.55,3,121.64999999999999,Ronald Walsh,2024-04-22,18%,East,4,2024
2500,Dog Pro,Furniture,407.61,1,407.61,Michael Henson,2023-10-16,0%,South,10,2023
2501,Nothing Classic,Furniture,672.35,3,2017.0500000000002,John Moore,2024-01-30,0%,North,1,2024
2502,South Classic,Sports,74.86,3,224.58,Courtney Smith,2024-08-29,0%,South,8,2024
2503,Film Classic,Electronics,61.1,4,244.4,Edwin Rogers,2023-09-15,17%,South,9,2023
2504,Laugh Classic,Apparel,34.65,4,138.6,James Pruitt,2023-06-08,0%,West,6,2023
2505,Sea Max,Furniture,284.93,4,1139.72,Joshua Williams,2024-08-24,0%,West,8,2024
2506,Room Pro,Furniture,462.1,3,1386.3,Jacob Lee,2023-03-17,0%,North,3,2023
2507,Occur Pro,Furniture,125.54,4,502.16,Dale Glass,2024-05-11,0%,West,5,2024
2508,Top Max,Furniture,684.64,2,1369.28,Edward Wang,2023-09-29,19%,West,9,2023
2509,Stay Lite,Sports,166.44,4,665.76,Kelli Mccullough,Invalid Date,0%,North,<NA>,<NA>
2510,Quite Lite,Home Decor,105.76,3,317.28000000000003,Timothy Mitchell,2023-03-06,3%,West,3,2023
2511,Occur Max,Home Decor,75.97,2,151.94,Mary Ward,2023-07-09,0%,West,7,2023
2512,Baby Pro,Electronics,114.39,3,343.17,Dr. Sean Vazquez,2024-08-10,0%,West,8,2024
2513,Process Max,Sports,48.43,3,145.29,Anthony Ward,2023-02-23,19%,North,2,2023
2514,Team Classic,Sports,23.4,3,70.2,Customer 56,2022-12-17,0%,East,12,2022
2515,Event Classic,Sports,182.13,1,182.13,Julie Murray,2022-12-15,4%,North,12,2022
2516,Door Max,Apparel,12.38,3,37.14,Jessica Briggs,2024-07-24,0%,East,7,2024
2517,Opportunity Pro,Apparel,41.45,3,124.35,Willie Knight,2024-07-04,0%,West,7,2024
2518,Purpose Pro,Electronics,411.98,1,411.98,Amanda Hall,2024-10-05,0%,West,10,2024
2519,Difference Pro,Apparel,43.97,2,87.94,Customer 57,2023-06-02,0%,East,6,2023
2520,Order Max,Apparel,30.2,1,30.2,Jennifer Wade,2023-03-21,0%,South,3,2023
2521,Design Lite,Sports,258.44,3,775.32,Bruce Smith,2024-11-21,0%,North,11,2024
2522,Republican Pro,Apparel,40.22,2,80.44,Jennifer Bailey,2024-03-16,15%,East,3,2024
2523,Show Classic,Electronics,480.26,3,1440.78,Aaron Murphy,2023-09-16,0%,East,9,2023
2524,Able Lite,Electronics,124.88,2,249.76,Christina Smith,2024-09-14,0%,East,9,2024
2525,Need Pro,Furniture,253.78,3,761.34,Emily Cantrell,2024-08-11,0%,West,8,2024
2526,None Plus,Furniture,852.5,3,2557.5,Carl Watson,2023-09-11,0%,West,9,2023
2527,Instead Pro,Sports,225.25,2,450.5,Michelle Ellis,2022-12-13,0%,South,12,2022
2528,End Lite,Electronics,380.83,4,1523.32,Jasmin Brennan,2023-10-15,22%,East,10,2023
2529,Area Lite,Sports,189.11,4,756.44,Clifford Taylor,2024-10-18,0%,South,10,2024
2530,Director Max,Furniture,784.68,4,3138.72,William Garcia,2024-10-19,8%,South,10,2024
2531,Cup Pro,Furniture,58.11,1,58.11,Karina Moore,2024-09-04,0%,West,9,2024
2532,Involve Plus,Sports,110.52,4,442.08,Natasha Brown,2024-05-23,10%,North,5,2024
2533,Late Classic,Furniture,885.56,2,1771.12,Charles Torres,2023-09-24,7%,North,9,2023
2534,Science Classic,Home Decor,6.27,1,6.27,Virginia Griffith,Invalid Date,0%,North,<NA>,<NA>
2535,Ground Max,Electronics,243.32,2,486.64,Crystal Jones,2023-07-22,3%,East,7,2023
2536,Agent Classic,Home Decor,187.06,3,561.1800000000001,Sandra Simon,2024-08-14,0%,East,8,2024
2537,Weight Plus,Apparel,35.08,2,70.16,Michael Rodriguez,2023-03-06,0%,North,3,2023
2538,Political Lite,Sports,120.23,2,240.46,Brittany Vargas,2023-07-10,0%,North,7,2023
2539,System Pro,Sports,120.4,4,481.6,Brian Reid,2024-04-28,14%,North,4,2024
2540,Perform Pro,Apparel,12.05,3,36.150000000000006,Edgar Martin,2024-03-11,0%,North,3,2024
2541,Floor Plus,Electronics,370.11,2,740.22,Customer 58,2023-06-14,0%,East,6,2023
2542,Protect Lite,Furniture,166.44,3,499.32,Jose Sanders,2024-01-30,15%,North,1,2024
2543,Whole Classic,Home Decor,126.0,4,504.0,Misty Rivera,2023-04-30,0%,West,4,2023
2544,Western Plus,Home Decor,127.39,1,127.39,Tanya Scott,2024-03-06,15%,South,3,2024
2545,Street Max,Furniture,758.93,3,2276.79,Tabitha Brown,2024-01-01,11%,South,1,2024
2546,Exactly Plus,Apparel,19.22,2,38.44,Joseph Singleton,2024-04-30,0%,West,4,2024
2547,Again Pro,Furniture,582.79,3,1748.37,Sarah Lee,2024-02-14,0%,South,2,2024
2548,Sure Plus,Home Decor,106.18,3,318.54,Kimberly Johnson,2024-07-10,0%,South,7,2024
2549,Matter Pro,Home Decor,185.64,3,556.92,Meagan Newton,2023-01-06,0%,North,1,2023
2550,Tree Classic,Home Decor,133.07,4,532.28,Eric Bridges,2024-06-23,14%,West,6,2024
2551,While Classic,Electronics,445.43,1,445.43,Dr. Courtney Taylor,2023-06-23,12%,South,6,2023
2552,War Plus,Furniture,723.12,1,723.12,Jasmine Contreras,2024-11-26,15%,North,11,2024
2553,Quite Plus,Sports,208.27,2,416.54,Patrick Watson,Invalid Date,0%,South,<NA>,<NA>
2554,Property Classic,Apparel,20.32,3,60.96,Kathryn Perry DDS,2024-03-19,0%,South,3,2024
2555,Part Lite,Apparel,23.8,1,23.8,Bradley Olson,2023-07-23,4%,South,7,2023
2556,Bit Plus,Sports,79.57,2,159.14,Mike Jenkins,2024-06-22,7%,North,6,2024
2557,Fine Max,Apparel,19.72,2,39.44,Stephanie Alexander DVM,Invalid Date,0%,East,<NA>,<NA>
2558,Cover Plus,Home Decor,87.07,4,348.28,Kaitlin Welch,2024-04-19,0%,North,4,2024
2559,Network Pro,Home Decor,97.02,3,291.06,Amy Waters,2023-03-03,18%,East,3,2023
2560,Time Max,Apparel,42.08,3,126.24,Kenneth Rodriguez,2024-08-04,26%,East,8,2024
2561,Summer Max,Sports,254.59,2,509.18,Jose Gibson,Invalid Date,29%,East,<NA>,<NA>
2562,Both Pro,Home Decor,81.04,1,81.04,Amanda Roth,2024-09-15,13%,South,9,2024
2563,Each Plus,Home Decor,40.19,4,160.76,Brittany Alvarado,2023-10-30,0%,South,10,2023
2564,Station Classic,Electronics,350.6,2,701.2,Kevin Rojas,2023-09-21,0%,North,9,2023
2565,Final Pro,Home Decor,141.43,2,282.86,Mary Li,2023-12-30,14%,East,12,2023
2566,They Max,Apparel,47.85,3,143.55,Latoya Carter,2022-12-15,0%,West,12,2022
2567,Step Max,Furniture,177.88,2,355.76,Brian Scott,2023-08-01,0%,East,8,2023
2568,Picture Pro,Apparel,35.19,2,70.38,Customer 59,2024-04-24,17%,East,4,2024
2569,Company Plus,Home Decor,124.17,3,372.51,Dr. Cindy Tran,2023-10-27,0%,North,10,2023
2570,Spend Max,Furniture,463.57,2,927.14,Paul Boone,2023-02-10,0%,East,2,2023
2571,Next Pro,Apparel,17.8,3,53.4,Dr. Terry Moore,2023-07-04,0%,East,7,2023
2572,What Plus,Sports,187.05,4,748.2,Brandi Stewart,2023-01-07,23%,North,1,2023
2573,Although Classic,Apparel,11.84,2,23.68,Ashley Foster,2023-10-17,0%,North,10,2023
2574,Class Plus,Apparel,34.29,4,137.16,Robert Riley MD,2023-06-17,0%,East,6,2023
2575,Today Lite,Home Decor,140.94,1,140.94,Ashley Skinner,2024-02-16,2%,North,2,2024
2576,Despite Classic,Furniture,732.15,3,2196.45,Wanda Moore,2023-05-27,28%,South,5,2023
2577,Science Pro,Home Decor,107.74,1,107.74,Dale Smith,2024-03-03,25%,East,3,2024
2578,Really Max,Home Decor,106.45,3,319.35,William Pierce,2023-03-24,0%,South,3,2023
2579,Television Classic,Apparel,49.16,2,98.32,Customer 60,2023-12-05,0%,South,12,2023
2580,Theory Lite,Apparel,46.27,2,92.54,Kevin Martinez,2023-09-04,0%,South,9,2023
2581,Training Classic,Furniture,391.09,2,782.18,Heather Small,2024-11-02,20%,West,11,2024
2582,Pass Plus,Electronics,319.91,3,959.73,William Gibson,2023-01-02,0%,North,1,2023
2583,Policy Pro,Home Decor,187.0,4,748.0,Eric Morris,2023-09-18,11%,East,9,2023
2584,Grow Pro,Furniture,148.96,3,446.88,Adam Knight,2024-11-05,0%,North,11,2024
2585,Staff Max,Sports,123.41,4,493.64,Customer 61,2023-12-31,0%,North,12,2023
2586,Individual Plus,Sports,294.22,1,294.22,Lynn Hughes,2023-12-12,0%,East,12,2023
2587,Too Max,Apparel,16.68,4,66.72,Megan Roberts,2023-09-02,0%,South,9,2023
2588,Age Plus,Home Decor,28.96,2,57.92,Mary Hamilton,2023-02-07,0%,South,2,2023
2589,Street Plus,Electronics,454.68,4,1818.72,Aaron Acosta,2023-07-29,0%,North,7,2023
2590,Different Classic,Sports,86.41,1,86.41,Bryan Tucker,2023-06-26,21%,West,6,2023
2591,Role Plus,Furniture,504.4,1,504.4,Sara Richards,2024-09-27,0%,North,9,2024
2592,Personal Lite,Apparel,38.17,3,114.51,Customer 62,2023-04-23,0%,North,4,2023
2593,Environment Plus,Apparel,41.93,4,167.72,Customer 63,2023-03-26,0%,West,3,2023
2594,Stop Plus,Apparel,10.23,1,10.23,Leslie Ayers,Invalid Date,0%,North,<NA>,<NA>
2595,Eat Plus,Home Decor,73.12,2,146.24,Dale Thomas,2023-09-27,2%,South,9,2023
2596,Far Lite,Electronics,31.89,4,127.56,Carol Thompson,2023-02-13,0%,East,2,2023
2597,Purpose Pro,Furniture,683.1,3,2049.3,Customer 64,2024-04-09,26%,East,4,2024
2598,No Plus,Sports,19.82,3,59.46,Heather Pearson,2023-10-30,0%,South,10,2023
2599,Event Lite,Electronics,257.98,3,773.94,Jennifer Henderson DDS,2024-02-24,0%,North,2,2024
2600,Between Classic,Home Decor,19.75,4,79.0,Melanie Newman,2024-03-15,0%,West,3,2024
2601,Always Max,Sports,117.39,4,469.56,Debbie Johnson,2023-02-22,0%,West,2,2023
2602,Simple Classic,Apparel,39.45,4,157.8,Walter Brown,2023-04-22,0%,North,4,2023
2603,Offer Plus,Apparel,11.36,1,11.36,Christy Hines,2023-01-14,0%,North,1,2023
2604,Debate Plus,Furniture,182.03,4,728.12,Brian Green,Invalid Date,0%,South,<NA>,<NA>
2605,Decision Max,Electronics,375.2,1,375.2,Robert Herrera,2024-09-12,0%,North,9,2024
2606,Them Pro,Sports,76.01,2,152.02,James Graham,2024-06-08,0%,South,6,2024
2607,Goal Max,Home Decor,97.74,3,293.22,Jennifer Diaz,2023-09-12,0%,South,9,2023
2608,Little Classic,Home Decor,192.83,2,385.66,Lisa Cobb,Invalid Date,6%,West,<NA>,<NA>
2609,Year Lite,Furniture,590.45,3,1771.35,Ms. Christine Henderson,2024-05-31,0%,East,5,2024
2610,Them Pro,Electronics,386.98,1,386.98,Carla Ramos,2024-04-03,0%,East,4,2024
2611,Against Pro,Apparel,18.76,4,75.04,Paul Parks,2024-03-10,0%,North,3,2024
2612,Land Max,Furniture,768.0,3,2304.0,Matthew Dixon,Invalid Date,0%,North,<NA>,<NA>
2613,Nearly Pro,Electronics,65.54,3,196.62,Customer 65,2024-08-08,0%,South,8,2024
2614,Attorney Pro,Electronics,317.83,1,317.83,Dawn Jackson,2023-07-13,0%,East,7,2023
2615,Everyone Plus,Apparel,15.75,1,15.75,Kayla Bailey,2023-10-17,0%,East,10,2023
2616,Stand Classic,Sports,43.97,4,175.88,Robert Frederick,2023-06-14,0%,East,6,2023
2617,Part Max,Sports,294.94,3,884.82,Randy Dominguez,Invalid Date,0%,North,<NA>,<NA>
2618,Box Plus,Furniture,400.7,3,1202.1,Michelle Walker,2023-03-14,0%,North,3,2023
2619,Win Pro,Electronics,478.44,3,1435.32,Jonathan Acosta,2023-01-21,0%,East,1,2023
2620,Theory Classic,Apparel,42.96,2,85.92,James Woods,2023-02-17,0%,East,2,2023
2621,Eight Plus,Sports,263.25,3,789.75,Yesenia Jackson,2024-05-13,0%,South,5,2024
2622,Money Classic,Sports,183.71,1,183.71,Brian Davis,2023-03-15,0%,East,3,2023
2623,Clearly Classic,Furniture,194.76,1,194.76,Michele Schmidt,2023-01-01,0%,West,1,2023
2624,Exactly Lite,Electronics,128.73,3,386.18999999999994,Brian Garcia,2023-04-13,0%,South,4,2023
2625,Statement Lite,Apparel,47.43,2,94.86,Eric Flores,2024-06-01,29%,North,6,2024
2626,Article Classic,Sports,220.49,4,881.96,Melissa Obrien,2024-04-01,0%,East,4,2024
2627,Seven Lite,Home Decor,29.31,1,29.31,John Brown,2023-09-07,23%,North,9,2023
2628,Maybe Plus,Home Decor,73.67,4,294.68,Virginia Thompson,2023-05-30,0%,East,5,2023
2629,Experience Pro,Furniture,89.56,3,268.68,Joseph Cummings,2023-03-08,0%,West,3,2023
2630,Authority Classic,Furniture,545.87,4,2183.48,John Williams,2024-02-22,9%,North,2,2024
2631,Health Pro,Sports,280.8,1,280.8,Michael Ball,2024-03-11,0%,South,3,2024
2632,Describe Plus,Sports,24.09,4,96.36,Kelly Cole,2023-03-31,0%,East,3,2023
2633,Evening Pro,Sports,280.29,4,1121.16,Crystal Smith,2023-06-30,0%,North,6,2023
2634,Above Pro,Home Decor,193.56,1,193.56,Bridget Sellers,2024-05-15,25%,East,5,2024
2635,Take Plus,Home Decor,139.98,2,279.96,David Hamilton,2024-10-30,0%,South,10,2024
2636,Break Max,Home Decor,21.15,2,42.3,Sarah Ruiz,Invalid Date,0%,South,<NA>,<NA>
2637,Set Plus,Sports,139.17,2,278.34,Kenneth Perez,2023-11-04,23%,North,11,2023
2638,Politics Classic,Home Decor,17.57,1,17.57,Ann Lawrence,2024-07-02,0%,North,7,2024
2639,Color Pro,Home Decor,141.94,2,283.88,Daniel Chapman,2024-02-03,29%,East,2,2024
2640,Must Plus,Electronics,301.03,1,301.03,Customer 66,2024-11-10,22%,North,11,2024
2641,Above Lite,Home Decor,7.7,4,30.8,Customer 67,2022-12-06,0%,East,12,2022
2642,See Classic,Furniture,430.75,1,430.75,Suzanne Scott,2023-08-17,0%,West,8,2023
2643,Special Pro,Furniture,479.32,2,958.64,Jennifer Morales,2024-06-21,3%,South,6,2024
2644,Tonight Classic,Sports,286.4,4,1145.6,Lisa Smith,2023-07-14,0%,West,7,2023
2645,Single Classic,Electronics,365.43,1,365.43,Michael James,2023-08-23,0%,North,8,2023
2646,While Plus,Sports,216.31,1,216.31,Linda Martin,2023-08-16,0%,East,8,2023
2647,My Classic,Home Decor,167.49,1,167.49,Lisa Thompson,2024-08-24,0%,South,8,2024
2648,Social Pro,Electronics,102.86,1,102.86,Vincent Moon,2023-03-13,0%,South,3,2023
2649,Option Classic,Furniture,561.85,3,1685.55,Aaron Contreras,2024-04-14,0%,West,4,2024
2650,Step Classic,Sports,160.37,2,320.74,James Vargas,2024-06-29,23%,West,6,2024
2651,Parent Pro,Sports,219.29,1,219.29,Timothy Hurst,2023-12-21,0%,East,12,2023
2652,Vote Max,Apparel,23.93,3,71.78999999999999,Customer 68,2024-07-12,0%,North,7,2024
2653,Firm Classic,Sports,207.24,3,621.72,Shawn Rhodes,2023-06-06,1%,West,6,2023
2654,Pm Plus,Furniture,533.47,2,1066.94,Jasmine White,2024-08-23,0%,South,8,2024
2655,Behind Pro,Home Decor,147.96,2,295.92,Daniel Cantrell,2023-05-27,0%,North,5,2023
2656,Bag Plus,Home Decor,88.17,3,264.51,Customer 69,2023-04-30,0%,North,4,2023
2657,Finally Plus,Furniture,195.71,1,195.71,James Payne,2023-08-08,17%,North,8,2023
2658,Prevent Classic,Sports,251.45,1,251.45,Ernest Johnson,2023-03-31,0%,East,3,2023
2659,Piece Plus,Electronics,26.29,1,26.29,Elizabeth Brandt,2024-07-28,0%,West,7,2024
2660,Effort Pro,Furniture,481.61,1,481.61,Customer 70,2024-05-28,0%,South,5,2024
2661,Board Max,Electronics,333.91,1,333.91,Henry Delgado,2024-01-30,2%,North,1,2024
2662,Doctor Lite,Home Decor,119.58,4,478.32,Nathaniel Turner,2024-05-06,4%,North,5,2024
2663,Through Lite,Furniture,417.44,1,417.44,Sandra Austin,2024-03-29,0%,North,3,2024
2664,Huge Classic,Furniture,221.57,2,443.14,Keith Campbell,2023-08-28,30%,South,8,2023
2665,Deep Pro,Furniture,786.57,2,1573.14,Anthony Barton,2024-08-07,0%,East,8,2024
2666,Still Lite,Home Decor,64.07,2,128.14,Catherine Clark,2024-02-06,0%,South,2,2024
2667,Of Classic,Apparel,29.78,1,29.78,Dillon Holmes,2024-11-22,16%,East,11,2024
2668,Purpose Max,Home Decor,161.12,2,322.24,Norma Ferguson,2023-04-26,0%,East,4,2023
2669,Push Classic,Electronics,51.9,3,155.7,Kenneth Buchanan,2024-12-01,15%,North,12,2024
2670,Term Pro,Apparel,26.7,3,80.1,John Rush,2024-03-20,0%,North,3,2024
2671,Factor Classic,Apparel,27.81,4,111.24,Andrew Payne,2023-07-30,0%,South,7,2023
2672,Sister Max,Apparel,12.39,3,37.17,Angela White,2023-01-18,0%,North,1,2023
2673,Firm Pro,Furniture,357.01,3,1071.03,Cindy Rogers,2023-03-30,26%,East,3,2023
2674,Bed Lite,Apparel,11.81,4,47.24,Elizabeth King,2023-08-06,0%,South,8,2023
2675,Explain Classic,Electronics,367.56,2,735.12,Henry Martin,2024-07-10,0%,West,7,2024
2676,Cultural Max,Electronics,219.25,3,657.75,Customer 71,2023-07-24,0%,North,7,2023
2677,Happy Max,Electronics,255.66,1,255.66,Mark Hines,2023-03-21,0%,West,3,2023
2678,Down Max,Home Decor,90.27,3,270.81,Ariana Turner,2024-04-27,15%,East,4,2024
2679,American Pro,Home Decor,186.8,2,373.6,Customer 72,2023-01-16,0%,East,1,2023
2680,Throw Classic,Furniture,948.93,3,2846.79,Customer 73,2024-04-16,12%,East,4,2024
2681,On Max,Home Decor,135.61,3,406.83000000000004,Bobby Murphy,2023-05-24,0%,North,5,2023
2682,Speech Pro,Home Decor,150.02,4,600.08,Marissa Romero,2023-07-03,0%,East,7,2023
2683,Democratic Max,Furniture,92.59,1,92.59,Ashley Watson,2024-08-30,0%,North,8,2024
2684,American Pro,Home Decor,197.94,1,197.94,Brittany Brown,2023-11-09,0%,West,11,2023
2685,Spring Lite,Home Decor,131.13,2,262.26,Kerry Barr,2024-07-22,0%,South,7,2024
2686,Million Pro,Electronics,297.22,1,297.22,Philip Stevens,2023-12-27,0%,West,12,2023
2687,Off Plus,Home Decor,197.19,2,394.38,Victoria Nichols,2024-01-06,0%,North,1,2024
2688,Free Classic,Sports,267.61,2,535.22,Regina Robertson,2024-05-19,0%,South,5,2024
2689,Artist Max,Sports,36.1,3,108.3,Alexandria Mendoza DDS,2024-06-02,8%,West,6,2024
2690,Fall Pro,Furniture,865.99,3,2597.9700000000003,Melinda Hernandez,2024-01-02,0%,East,1,2024
2691,Letter Pro,Apparel,37.81,2,75.62,Edward Ward,2023-04-26,12%,West,4,2023
2692,Dinner Classic,Electronics,75.54,3,226.62,Rodney Mason,2024-06-10,0%,East,6,2024
2693,Able Lite,Home Decor,149.23,2,298.46,Jason Smith,2023-06-05,15%,West,6,2023
2694,Take Pro,Furniture,902.38,2,1804.76,Walter Morton,2024-08-19,17%,West,8,2024
2695,Detail Pro,Apparel,10.95,1,10.95,Roberta Cook,2022-12-15,0%,West,12,2022
2696,Let Pro,Furniture,640.83,1,640.83,Shane Bowers,2022-12-07,13%,North,12,2022
2697,Personal Pro,Apparel,35.73,1,35.73,Brittany Phillips,Invalid Date,0%,East,<NA>,<NA>
2698,Why Lite,Home Decor,98.24,3,294.72,Joshua Hughes,2023-04-24,0%,East,4,2023
2699,Assume Pro,Sports,132.91,3,398.73,Melanie Soto,2024-03-30,0%,North,3,2024
2700,However Pro,Sports,237.12,3,711.36,Benjamin Berg,2023-10-03,0%,East,10,2023
2701,Enter Pro,Apparel,31.86,3,95.58,Customer 74,2024-07-29,10%,East,7,2024
2702,Poor Pro,Sports,25.14,2,50.28,Customer 75,2024-03-26,0%,North,3,2024
2703,Stuff Lite,Apparel,46.63,4,186.52,Megan Garcia,2024-08-19,12%,East,8,2024
2704,Cause Max,Sports,221.76,3,665.28,Danielle Hamilton,2024-11-04,0%,East,11,2024
2705,Activity Max,Sports,182.75,3,548.25,Robert Reilly,2023-12-19,0%,North,12,2023
2706,Writer Plus,Electronics,271.46,1,271.46,Richard Mcdonald,2023-03-26,0%,North,3,2023
2707,Prevent Lite,Sports,275.2,3,825.6,John Murray,2023-09-26,0%,North,9,2023
2708,Kid Pro,Electronics,69.59,1,69.59,James Patel,2024-04-02,0%,West,4,2024
2709,Another Lite,Sports,153.03,2,306.06,Jenna Parker,2023-11-29,0%,East,11,2023
2710,Language Max,Apparel,29.35,4,117.4,Customer 76,2024-05-02,24%,East,5,2024
2711,Court Max,Furniture,718.98,1,718.98,Kevin Price,2024-08-11,0%,East,8,2024
2712,Society Plus,Furniture,614.01,2,1228.02,Brandon Berry,2023-12-23,0%,East,12,2023
2713,West Plus,Apparel,30.02,2,60.04,Alexandra Hughes,2024-08-20,0%,North,8,2024
2714,Region Lite,Home Decor,164.17,2,328.34,Elizabeth Phillips,2023-04-10,0%,North,4,2023
2715,Explain Pro,Electronics,470.5,1,470.5,Hannah Crosby,2024-02-23,0%,North,2,2024
2716,Me Pro,Sports,57.24,2,114.48,Kenneth Bailey,2022-12-16,0%,South,12,2022
2717,Close Lite,Home Decor,124.16,1,124.16,David Jackson,2023-05-30,14%,East,5,2023
2718,Alone Lite,Electronics,482.06,2,964.12,Kevin Gray,2023-07-18,0%,West,7,2023
2719,Too Plus,Sports,232.97,3,698.91,Jermaine Patterson DVM,2023-04-16,6%,South,4,2023
2720,Grow Lite,Home Decor,196.99,3,590.97,Joe Lopez,2023-07-13,0%,North,7,2023
2721,Benefit Max,Apparel,42.03,1,42.03,Customer 77,2024-11-26,0%,West,11,2024
2722,Relate Plus,Sports,168.62,3,505.86,Jason James,2023-01-26,7%,North,1,2023
2723,Your Lite,Electronics,415.23,1,415.23,Donna Martinez,2023-08-12,25%,East,8,2023
2724,Amount Plus,Furniture,453.46,3,1360.38,Amanda Conley,2023-07-27,23%,East,7,2023
2725,Set Max,Apparel,41.05,2,82.1,Bonnie Thompson,2024-05-25,0%,South,5,2024
2726,News Max,Home Decor,174.49,2,348.98,Betty Grimes,2023-02-02,0%,South,2,2023
2727,Family Max,Furniture,606.66,2,1213.32,Angela Shields,2023-01-07,0%,West,1,2023
2728,Great Max,Apparel,31.94,1,31.94,Sabrina Ibarra,2024-09-26,0%,West,9,2024
2729,Bank Pro,Furniture,307.82,4,1231.28,Mr. Brandon Turner,2024-03-10,18%,South,3,2024
2730,Analysis Plus,Home Decor,191.56,3,574.68,Tiffany Cardenas,2023-01-20,0%,North,1,2023
2731,Myself Max,Apparel,21.84,4,87.36,Jeffrey Aguirre,2023-07-13,0%,North,7,2023
2732,Memory Lite,Home Decor,55.4,1,55.4,Customer 78,2023-02-17,0%,East,2,2023
2733,Evening Max,Electronics,240.83,4,963.32,Nathan Simmons,2023-09-10,0%,North,9,2023
2734,Help Classic,Sports,212.68,3,638.04,Allison Jones,2023-09-02,16%,West,9,2023
2735,Around Lite,Furniture,876.31,3,2628.93,William Hensley,2024-03-08,0%,East,3,2024
2736,House Max,Home Decor,153.17,1,153.17,Kimberly Jackson,2023-04-27,0%,North,4,2023
2737,Response Max,Home Decor,171.61,2,343.22,Jacqueline French,2022-12-22,0%,North,12,2022
2738,Southern Max,Electronics,462.31,3,1386.93,Customer 79,2022-12-09,0%,North,12,2022
2739,Space Pro,Apparel,40.09,3,120.27,Linda Richardson,2023-02-26,0%,North,2,2023
2740,Someone Lite,Furniture,965.63,2,1931.26,Courtney Nolan,2024-08-05,0%,East,8,2024
2741,Heavy Pro,Apparel,10.68,3,32.04,Brandon Scott,2023-11-04,0%,East,11,2023
2742,Service Classic,Furniture,439.43,1,439.43,Matthew Owens,2023-08-01,0%,North,8,2023
2743,Option Max,Apparel,48.07,2,96.14,Donald Green,2023-09-10,30%,West,9,2023
2744,Special Plus,Furniture,998.44,2,1996.88,Heather Graham,2024-04-18,0%,South,4,2024
2745,Morning Pro,Electronics,391.31,4,1565.24,Angela Nunez,2024-11-26,0%,East,11,2024
2746,Now Lite,Sports,203.56,1,203.56,Victor Fuentes,2023-08-29,0%,North,8,2023
2747,Evening Lite,Sports,148.29,1,148.29,Lisa Phillips,2023-06-07,0%,East,6,2023
2748,Beat Pro,Apparel,28.01,1,28.01,Jeffrey Meyer,2024-05-06,0%,West,5,2024
2749,At Pro,Home Decor,8.09,2,16.18,Samuel Rivera,2023-06-28,5%,East,6,2023
2750,Type Lite,Home Decor,45.55,2,91.1,Customer 80,2023-12-08,3%,East,12,2023
2751,Understand Pro,Sports,239.82,2,479.64,Customer 81,2023-04-15,9%,South,4,2023
2752,Site Lite,Apparel,15.77,1,15.77,Robert Chang,2023-08-25,27%,West,8,2023
2753,Plan Lite,Furniture,919.66,2,1839.32,Stacy Hopkins,2023-08-03,0%,North,8,2023
2754,Break Classic,Electronics,494.11,3,1482.33,Amy King,2024-10-13,25%,East,10,2024
2755,Audience Lite,Sports,294.24,1,294.24,Customer 82,2024-06-06,20%,East,6,2024
2756,Religious Pro,Home Decor,123.35,1,123.35,Customer 83,2023-08-05,0%,West,8,2023
2757,Environment Lite,Furniture,975.17,3,2925.5099999999998,Jeremy Taylor,2023-11-10,8%,West,11,2023
2758,Behavior Lite,Furniture,150.56,3,451.68,Joshua Abbott,2023-11-13,0%,North,11,2023
2759,Herself Lite,Furniture,198.46,3,595.38,Bradley Calderon,2023-02-24,15%,West,2,2023
2760,Beat Lite,Sports,48.56,4,194.24,Elizabeth Edwards,2024-02-14,19%,East,2,2024
2761,Live Classic,Electronics,341.69,3,1025.07,Eric Romero,2024-04-15,0%,West,4,2024
2762,Candidate Classic,Furniture,186.4,4,745.6,Maria Nelson,2023-08-30,7%,East,8,2023
2763,Education Pro,Home Decor,166.39,4,665.56,Ricardo Peterson,2023-12-03,0%,North,12,2023
2764,Federal Classic,Electronics,153.92,4,615.68,Roger Marks,2023-03-27,0%,North,3,2023
2765,Employee Lite,Electronics,37.71,4,150.84,Jesse Shaffer,2023-04-06,18%,North,4,2023
2766,Sort Classic,Electronics,20.58,2,41.16,Tabitha Moon,2024-11-28,0%,West,11,2024
2767,Bit Max,Electronics,159.09,2,318.18,Dr. John Duran,2023-07-06,0%,West,7,2023
2768,Hard Max,Apparel,15.63,2,31.26,Jill Hall,2023-05-08,28%,South,5,2023
2769,Firm Lite,Furniture,272.36,4,1089.44,Jacob Hernandez,2023-10-20,0%,East,10,2023
2770,West Lite,Furniture,893.9,3,2681.7,Kimberly Jones,2024-08-11,24%,West,8,2024
2771,Popular Lite,Apparel,11.78,3,35.339999999999996,Kimberly Jordan,2023-09-05,0%,East,9,2023
2772,Run Max,Sports,103.04,4,412.16,Customer 84,Invalid Date,3%,South,<NA>,<NA>
2773,Glass Classic,Furniture,480.43,2,960.86,Megan Spencer,2023-06-05,19%,North,6,2023
2774,Contain Plus,Furniture,244.85,3,734.55,Aimee Schmitt,Invalid Date,0%,West,<NA>,<NA>
2775,Any Max,Home Decor,197.46,4,789.84,Haley Tapia,2024-11-10,0%,South,11,2024
2776,At Classic,Furniture,194.72,3,584.16,Isabel Soto,2023-07-04,0%,South,7,2023
2777,East Plus,Apparel,47.85,2,95.7,Samantha Walker,2024-04-04,0%,South,4,2024
2778,Nice Max,Electronics,341.05,2,682.1,Customer 85,2023-03-24,0%,East,3,2023
2779,Find Plus,Furniture,844.38,2,1688.76,Thomas Jackson,2023-04-11,0%,North,4,2023
2780,Purpose Lite,Furniture,877.43,3,2632.29,Rachel Smith,2023-09-26,25%,West,9,2023
2781,Adult Pro,Sports,72.49,2,144.98,Susan Simpson,2023-05-26,20%,North,5,2023
2782,Nation Max,Electronics,365.5,3,1096.5,Shannon Clark,2023-04-02,0%,East,4,2023
2783,Lawyer Max,Furniture,836.45,1,836.45,Adrienne Price,2024-11-01,11%,East,11,2024
2784,Still Classic,Home Decor,5.32,2,10.64,Patrick Jones,2023-04-21,0%,West,4,2023
2785,Car Lite,Apparel,46.87,4,187.48,Becky Parker,Invalid Date,0%,West,<NA>,<NA>
2786,West Pro,Electronics,232.51,3,697.53,Jason Dickson,2024-02-08,12%,East,2,2024
2787,Better Classic,Furniture,189.37,2,378.74,Todd Blake,2024-08-27,0%,North,8,2024
2788,Half Lite,Sports,286.76,2,573.52,Alexis Parker,2023-04-01,18%,East,4,2023
2789,Bill Lite,Home Decor,181.1,3,543.3,Anne Olson,2022-12-06,0%,West,12,2022
2790,Draw Plus,Apparel,20.66,2,41.32,Customer 86,Invalid Date,5%,West,<NA>,<NA>
2791,Shake Max,Apparel,27.0,3,81.0,Jackie Dixon,2024-02-16,0%,North,2,2024
2792,Leave Max,Furniture,953.4,4,3813.6,Kimberly Gentry,2024-05-28,0%,South,5,2024
2793,Exist Max,Apparel,22.73,2,45.46,David Rodgers,Invalid Date,0%,East,<NA>,<NA>
2794,Beyond Max,Electronics,314.27,4,1257.08,Patrick Silva,2024-01-20,0%,West,1,2024
2795,Effect Max,Electronics,96.32,1,96.32,Mark Newman,2024-06-17,0%,East,6,2024
2796,Bar Pro,Electronics,374.98,3,1124.94,Elizabeth Warren,2024-09-04,20%,East,9,2024
2797,Arm Plus,Sports,248.79,3,746.37,Amy Woods,2023-06-14,0%,East,6,2023
2798,Coach Lite,Apparel,14.63,4,58.52,Andre Wong,2024-02-03,0%,East,2,2024
2799,Beat Plus,Home Decor,98.68,3,296.04,Customer 87,2024-02-29,24%,West,2,2024
2800,None Classic,Apparel,21.06,2,42.12,Brandon Mosley,Invalid Date,0%,East,<NA>,<NA>
2801,Until Plus,Electronics,425.01,2,850.02,Michael Lee,2024-11-11,0%,East,11,2024
2802,Culture Lite,Apparel,23.15,3,69.44999999999999,Jennifer Miller,2023-08-16,0%,East,8,2023
2803,Voice Max,Sports,299.43,2,598.86,Margaret Miller,2024-11-30,0%,East,11,2024
2804,Happen Max,Electronics,63.4,2,126.8,Isaiah Davis,Invalid Date,17%,East,<NA>,<NA>
2805,Leg Lite,Electronics,364.88,4,1459.52,Customer 88,2024-06-10,0%,North,6,2024
2806,Service Pro,Home Decor,75.03,1,75.03,Tony Marshall,2023-11-25,0%,South,11,2023
2807,Television Pro,Apparel,40.8,3,122.4,Ryan Quinn,2023-03-12,0%,North,3,2023
2808,Region Classic,Sports,231.44,1,231.44,Anthony Gonzalez,2024-04-05,27%,West,4,2024
2809,Man Plus,Apparel,48.03,1,48.03,Customer 89,2023-02-18,0%,North,2,2023
2810,Before Lite,Furniture,443.8,2,887.6,Ashley Schwartz,2023-10-09,0%,South,10,2023
2811,Particular Plus,Sports,55.62,1,55.62,Megan Fisher,2024-03-04,0%,East,3,2024
2812,Medical Max,Sports,127.33,3,381.99,Barbara Boone,2023-03-08,0%,West,3,2023
2813,Certainly Plus,Electronics,245.21,4,980.84,James Thomas,2023-10-28,0%,East,10,2023
2814,Admit Lite,Apparel,14.16,2,28.32,Jesse Adams,2024-09-28,0%,South,9,2024
2815,Organization Lite,Home Decor,98.91,1,98.91,Customer 90,2024-10-09,8%,North,10,2024
2816,Tough Classic,Home Decor,91.88,4,367.52,Christopher Rangel,2023-07-09,10%,East,7,2023
2817,Summer Plus,Furniture,463.83,1,463.83,Veronica Schmitt,2023-08-24,0%,East,8,2023
2818,Music Lite,Apparel,45.73,3,137.19,David Reilly,2023-07-25,18%,South,7,2023
2819,Recent Pro,Sports,91.1,3,273.29999999999995,Caitlin Thompson,2023-10-01,0%,North,10,2023
2820,Material Max,Home Decor,76.95,1,76.95,Customer 91,2023-02-28,0%,West,2,2023
2821,Eat Plus,Sports,106.27,4,425.08,Denise Adams,2023-12-09,0%,East,12,2023
2822,Poor Max,Apparel,44.66,2,89.32,Pam Phillips,2023-05-31,0%,East,5,2023
2823,Room Lite,Apparel,44.89,4,179.56,Joel Hill,2023-01-08,0%,South,1,2023
2824,Cup Lite,Furniture,912.54,3,2737.62,Elijah Brandt,2024-11-22,24%,West,11,2024
2825,Security Classic,Sports,294.65,3,883.95,Mark Shepherd,2024-08-28,0%,North,8,2024
2826,Best Pro,Electronics,218.91,4,875.64,Brooke Aguirre,2023-01-01,23%,East,1,2023
2827,Actually Lite,Home Decor,150.81,2,301.62,Brian Maldonado,2024-02-15,14%,West,2,2024
2828,Inside Max,Electronics,141.39,4,565.56,Steven Combs,2024-06-21,0%,East,6,2024
2829,War Max,Home Decor,21.8,1,21.8,Zachary Wilson,2023-08-04,18%,South,8,2023
2830,Deep Max,Apparel,35.17,1,35.17,Jason Ramirez,2024-10-02,0%,East,10,2024
2831,Must Plus,Electronics,392.3,2,784.6,Customer 92,2024-02-23,14%,North,2,2024
2832,Tv Pro,Apparel,19.99,1,19.99,Matthew Baldwin,2023-05-03,0%,South,5,2023
2833,Responsibility Plus,Furniture,124.37,3,373.11,Kathleen Mason,2023-11-13,0%,East,11,2023
2834,Staff Lite,Furniture,828.57,2,1657.14,Customer 93,2024-11-12,0%,West,11,2024
2835,Wonder Plus,Apparel,29.98,3,89.94,Connie Adams,2024-08-31,0%,South,8,2024
2836,Run Plus,Home Decor,15.4,3,46.2,Brandy Johnson,2023-03-02,0%,North,3,2023
2837,Fall Max,Sports,95.14,2,190.28,Brooke Thompson,2023-09-10,0%,East,9,2023
2838,Network Pro,Furniture,133.57,1,133.57,Michael Ball,2022-12-24,5%,West,12,2022
2839,Politics Pro,Sports,249.77,1,249.77,Tricia Robinson,2024-10-10,25%,North,10,2024
2840,Race Lite,Furniture,604.18,1,604.18,Sandra Rose,2023-06-01,0%,West,6,2023
2841,Watch Classic,Electronics,144.25,3,432.75,Mitchell Cabrera,2023-01-27,0%,East,1,2023
2842,Still Classic,Furniture,375.74,4,1502.96,Joseph Johnson,2024-06-16,0%,North,6,2024
2843,White Plus,Electronics,406.04,3,1218.1200000000001,Michael Baldwin,2022-12-10,0%,East,12,2022
2844,For Lite,Furniture,453.7,2,907.4,Gerald Zimmerman,2024-04-24,0%,West,4,2024
2845,Baby Pro,Home Decor,162.64,2,325.28,Customer 94,2024-04-03,0%,North,4,2024
2846,Next Lite,Home Decor,123.77,2,247.54,Connie Wang DDS,2023-06-26,0%,North,6,2023
2847,Interview Classic,Sports,18.52,3,55.56,Customer 95,2023-11-17,0%,West,11,2023
2848,Scientist Classic,Electronics,175.43,3,526.29,Bradley Thompson,2024-01-23,0%,East,1,2024
2849,Answer Pro,Sports,35.16,3,105.48,Grant Foster,Invalid Date,15%,South,<NA>,<NA>
2850,Article Plus,Sports,200.96,1,200.96,Darius Doyle,2024-08-04,17%,North,8,2024
2851,Coach Lite,Electronics,148.08,4,592.32,Stephanie Owen,2023-03-09,0%,North,3,2023
2852,Make Lite,Electronics,350.0,2,700.0,Gina Leonard,2023-07-27,5%,West,7,2023
2853,Science Plus,Electronics,145.62,4,582.48,Devin Hardy,2023-11-08,0%,West,11,2023
2854,American Pro,Sports,182.72,2,365.44,Customer 96,2023-11-28,0%,East,11,2023
2855,Energy Lite,Furniture,303.87,2,607.74,David Weaver,2023-07-17,0%,South,7,2023
2856,Expert Lite,Home Decor,128.4,2,256.8,Michael Hayes,2023-03-11,12%,West,3,2023
2857,Fine Pro,Sports,233.94,4,935.76,Mark Jackson,2023-01-08,24%,East,1,2023
2858,Red Classic,Sports,83.97,2,167.94,Customer 97,2023-01-10,0%,East,1,2023
2859,Threat Lite,Furniture,189.6,2,379.2,Eric Church,2024-07-31,28%,South,7,2024
2860,Affect Lite,Apparel,44.66,3,133.98,Melissa Klein,2023-01-30,23%,South,1,2023
2861,Then Classic,Home Decor,131.27,1,131.27,Customer 98,2024-09-20,0%,North,9,2024
2862,Determine Max,Home Decor,139.46,1,139.46,Jacob Benson,2023-05-10,0%,West,5,2023
2863,Edge Lite,Furniture,210.17,4,840.68,Cathy Kelly,2023-12-26,0%,North,12,2023
2864,Six Plus,Sports,58.87,4,235.48,Manuel Petersen,2024-08-01,0%,South,8,2024
2865,Nation Lite,Electronics,252.8,2,505.6,Phillip Bonilla,2023-03-12,0%,West,3,2023
2866,Community Max,Home Decor,94.32,2,188.64,Ryan Baxter,2024-08-28,0%,East,8,2024
2867,Local Plus,Furniture,611.83,3,1835.49,John Smith,2024-02-19,0%,East,2,2024
2868,Start Lite,Apparel,17.51,2,35.02,Breanna Hernandez,2024-07-11,30%,North,7,2024
2869,Also Max,Furniture,452.14,3,1356.42,Thomas Mcclure,Invalid Date,0%,North,<NA>,<NA>
2870,Our Plus,Sports,287.3,2,574.6,Christopher Roach Jr.,2022-12-22,0%,West,12,2022
2871,Piece Classic,Furniture,984.2,3,2952.6000000000004,Diamond Mason,2023-11-21,0%,South,11,2023
2872,Although Pro,Electronics,325.81,2,651.62,Mallory Duarte,2023-09-25,0%,East,9,2023
2873,Product Classic,Home Decor,112.23,1,112.23,Joseph Anderson,2023-11-08,0%,East,11,2023
2874,Perhaps Max,Electronics,130.01,1,130.01,Mercedes Smith,2023-10-30,4%,South,10,2023
2875,Southern Plus,Furniture,274.74,3,824.22,Paul Davidson,2024-02-22,9%,East,2,2024
2876,Will Pro,Electronics,424.03,2,848.06,Customer 99,2023-12-18,16%,East,12,2023
2877,Window Plus,Home Decor,135.59,2,271.18,Selena Gomez,2024-06-15,0%,West,6,2024
2878,Summer Lite,Sports,111.8,1,111.8,Customer 100,2024-07-14,8%,East,7,2024
2879,Wife Plus,Furniture,383.78,2,767.56,Stephanie Guerrero MD,2023-04-03,6%,West,4,2023
2880,If Plus,Furniture,758.32,3,2274.96,Alexander Whitney,2023-03-08,0%,East,3,2023
2881,Beyond Pro,Apparel,39.76,1,39.76,Monica Garcia,2024-08-22,0%,East,8,2024
2882,Mouth Lite,Home Decor,54.07,2,108.14,Jessica Mays,2023-12-11,7%,West,12,2023
2883,Position Lite,Furniture,167.0,3,501.0,Rodney Williams,2023-11-29,0%,West,11,2023
2884,East Plus,Furniture,196.7,3,590.0999999999999,Mckenzie Torres,2023-03-16,0%,South,3,2023
2885,Garden Plus,Furniture,588.13,1,588.13,Amy Mahoney,2023-10-01,0%,West,10,2023
2886,Growth Classic,Electronics,454.27,1,454.27,Misty Ross,2023-01-24,5%,North,1,2023
2887,Water Pro,Home Decor,28.34,4,113.36,Olivia Gonzalez,2023-12-14,0%,West,12,2023
2888,Cause Pro,Sports,286.93,2,573.86,Kimberly Robertson,2023-08-04,0%,South,8,2023
2889,Week Classic,Apparel,34.36,2,68.72,Customer 101,2024-07-04,0%,East,7,2024
2890,Hair Classic,Apparel,44.7,3,134.1,Peter Rubio,2024-08-24,0%,West,8,2024
2891,Establish Pro,Electronics,158.83,2,317.66,Eric Baker,2024-11-15,29%,North,11,2024
2892,Seven Pro,Sports,50.08,2,100.16,Savannah Guerrero,2023-04-16,0%,South,4,2023
2893,Sister Classic,Furniture,832.28,2,1664.56,Dr. Samantha Williams MD,2023-04-27,21%,West,4,2023
2894,Onto Plus,Apparel,38.5,2,77.0,Daniel Lee,2024-08-12,0%,East,8,2024
2895,Determine Pro,Sports,40.85,2,81.7,Alyssa Banks,2023-12-02,0%,South,12,2023
2896,Term Lite,Apparel,10.53,2,21.06,Customer 102,2024-01-26,0%,North,1,2024
2897,While Classic,Home Decor,53.26,2,106.52,Michael Hernandez,2022-12-31,0%,East,12,2022
2898,College Plus,Apparel,29.75,1,29.75,Jacob Holland,2024-03-22,3%,West,3,2024
2899,Defense Lite,Sports,256.93,2,513.86,Ricardo Gutierrez,2023-07-15,0%,West,7,2023
2900,Friend Plus,Furniture,344.0,2,688.0,Bryan Phillips,2023-08-21,0%,West,8,2023
2901,Maintain Lite,Electronics,274.99,4,1099.96,Dawn Martin,2023-10-22,14%,West,10,2023
2902,Worker Pro,Electronics,474.94,2,949.88,Patricia Key,2023-12-06,2%,North,12,2023
2903,More Max,Home Decor,158.36,1,158.36,Christie King,2023-03-27,0%,West,3,2023
2904,Data Classic,Home Decor,24.13,3,72.39,Kaitlin Garza,2023-05-25,15%,North,5,2023
2905,Item Plus,Electronics,77.21,4,308.84,Aaron Schneider,2022-12-20,0%,West,12,2022
2906,Family Lite,Electronics,424.05,2,848.1,Gina Myers,2024-03-01,16%,West,3,2024
2907,But Max,Apparel,34.8,3,104.4,Jessica Martinez,2024-07-30,0%,East,7,2024
2908,High Plus,Electronics,472.49,3,1417.47,Derek Fischer,2023-09-14,0%,North,9,2023
2909,Whether Max,Sports,239.5,3,718.5,Sarah Wagner,2023-02-24,0%,East,2,2023
2910,Smile Lite,Home Decor,136.24,3,408.72,Paul Hill,2023-07-14,4%,East,7,2023
2911,Yeah Classic,Apparel,41.77,3,125.31,Michael Sanchez,2023-01-13,0%,North,1,2023
2912,Place Pro,Furniture,121.56,2,243.12,Samantha Bell,2023-04-01,0%,East,4,2023
2913,Performance Lite,Electronics,257.29,3,771.8700000000001,Colin Schwartz,2023-11-23,22%,East,11,2023
2914,Professional Pro,Apparel,43.57,3,130.71,Patricia Davis,Invalid Date,0%,East,<NA>,<NA>
2915,Why Max,Apparel,13.17,3,39.51,Angela Ryan,2024-07-16,0%,North,7,2024
2916,Industry Pro,Apparel,46.21,2,92.42,Christopher Cain,2023-05-01,0%,South,5,2023
2917,Notice Max,Furniture,584.16,2,1168.32,Eric Baldwin,2023-02-19,0%,West,2,2023
2918,Within Pro,Home Decor,137.89,3,413.66999999999996,Customer 103,2024-04-19,10%,North,4,2024
2919,Recently Classic,Sports,269.09,3,807.27,Robert Brooks,2023-10-17,0%,South,10,2023
2920,Certain Max,Sports,108.61,3,325.83,Monique Clements,2023-01-31,0%,West,1,2023
2921,Election Classic,Apparel,11.65,2,23.3,Daniel Romero,2023-03-20,0%,North,3,2023
2922,Center Max,Apparel,11.55,3,34.65,Keith Henderson,2024-05-02,0%,West,5,2024
2923,Country Pro,Furniture,699.02,3,2097.06,Michael Fuentes,2023-07-24,0%,South,7,2023
2924,Bed Max,Home Decor,97.4,2,194.8,Andrea Gonzalez,2023-12-06,0%,West,12,2023
2925,Building Plus,Apparel,36.12,2,72.24,Derrick Davis,2024-04-08,0%,East,4,2024
2926,Factor Plus,Sports,272.83,3,818.49,Cynthia Meyer,2023-07-18,0%,East,7,2023
2927,Crime Lite,Furniture,302.08,4,1208.32,Customer 104,2023-03-01,0%,West,3,2023
2928,Meet Lite,Furniture,568.27,1,568.27,Kelly Whitehead,2023-01-02,0%,North,1,2023
2929,Interest Classic,Apparel,41.37,4,165.48,Customer 105,2023-01-19,0%,North,1,2023
2930,Big Pro,Sports,112.91,4,451.64,David Herrera,2023-03-11,0%,South,3,2023
2931,Leg Lite,Electronics,74.24,2,148.48,Customer 106,2024-11-06,0%,South,11,2024
2932,Reveal Plus,Electronics,171.63,4,686.52,Customer 107,2024-09-04,0%,South,9,2024
2933,Station Max,Apparel,42.7,2,85.4,Desiree Wang,2024-07-06,0%,East,7,2024
2934,High Max,Furniture,135.15,3,405.45,Dawn Rogers,2023-08-08,17%,West,8,2023
2935,Enter Pro,Sports,145.07,3,435.21,Customer 108,2024-04-15,0%,West,4,2024
2936,Newspaper Max,Electronics,241.21,2,482.42,Katherine Peters,2024-05-28,0%,South,5,2024
2937,Realize Plus,Apparel,41.94,1,41.94,Brian Willis,2024-08-06,3%,West,8,2024
2938,Friend Max,Home Decor,106.81,2,213.62,Juan Harris,2023-11-13,0%,East,11,2023
2939,Eight Max,Apparel,14.53,1,14.53,Customer 109,2023-03-08,3%,East,3,2023
2940,Since Max,Sports,170.0,3,510.0,Dr. James Hopkins,2024-01-27,5%,East,1,2024
2941,Day Pro,Electronics,447.43,3,1342.29,Thomas Kent,2024-08-17,0%,North,8,2024
2942,Dinner Plus,Sports,210.97,4,843.88,Patricia Lowe,2024-08-21,0%,West,8,2024
2943,Turn Max,Sports,177.39,4,709.56,Matthew Estrada,2024-01-16,0%,West,1,2024
2944,Turn Plus,Sports,51.64,2,103.28,Adrian Levy,2024-03-13,0%,East,3,2024
2945,Personal Max,Electronics,80.65,3,241.95,Customer 110,2023-10-12,0%,South,10,2023
2946,His Pro,Furniture,121.61,4,486.44,Jennifer Torres,Invalid Date,0%,North,<NA>,<NA>
2947,Opportunity Max,Apparel,26.16,1,26.16,Gregory Schmidt,2023-01-09,26%,South,1,2023
2948,Significant Max,Sports,278.93,3,836.79,Customer 111,Invalid Date,0%,North,<NA>,<NA>
2949,Practice Lite,Apparel,49.94,4,199.76,Lisa Kane,2023-11-09,0%,South,11,2023
2950,Design Max,Electronics,213.81,1,213.81,David Moore,2023-03-22,26%,West,3,2023
2951,Network Classic,Sports,190.97,1,190.97,Katherine Klein,2024-08-14,0%,East,8,2024
2952,Audience Max,Apparel,35.04,1,35.04,Jenna Jones,2024-09-05,0%,East,9,2024
2953,Television Max,Sports,205.16,2,410.32,Customer 112,2023-10-15,13%,East,10,2023
2954,Strategy Pro,Home Decor,127.36,1,127.36,Cesar Johnson,2023-12-29,0%,East,12,2023
2955,Call Plus,Sports,24.38,1,24.38,Danielle Rodriguez,Invalid Date,0%,North,<NA>,<NA>
2956,Despite Classic,Furniture,173.38,2,346.76,Michele Daugherty PhD,2024-08-20,0%,East,8,2024
2957,Four Plus,Furniture,604.22,2,1208.44,Ronnie Williams,2023-06-01,0%,North,6,2023
2958,Win Plus,Furniture,306.82,2,613.64,Randall Brown,Invalid Date,13%,South,<NA>,<NA>
2959,Pretty Lite,Apparel,14.9,2,29.8,Alexis Taylor,2024-05-25,0%,East,5,2024
2960,Worry Pro,Home Decor,111.38,1,111.38,Scott Carr,2024-03-05,14%,West,3,2024
2961,Always Classic,Home Decor,82.78,1,82.78,Larry Carlson,2023-07-31,21%,West,7,2023
2962,Lawyer Classic,Furniture,679.77,1,679.77,Daniel Green,2023-11-04,0%,South,11,2023
2963,Republican Lite,Electronics,390.43,2,780.86,Customer 113,2023-11-30,29%,North,11,2023
2964,Sometimes Plus,Apparel,17.87,1,17.87,Jeffrey Salazar,Invalid Date,0%,East,<NA>,<NA>
2965,Technology Pro,Sports,268.62,3,805.86,Jeremiah Miller,2024-02-26,0%,West,2,2024
2966,Star Pro,Furniture,153.4,3,460.2,Jonathan Marquez,2024-11-05,0%,North,11,2024
2967,Election Plus,Electronics,323.72,1,323.72,Amy Nelson,2023-11-05,0%,South,11,2023
2968,Child Lite,Apparel,10.89,3,32.67,Customer 114,2023-08-07,22%,West,8,2023
2969,Threat Max,Sports,280.59,2,561.18,John Bailey,2023-04-21,2%,South,4,2023
2970,Business Classic,Home Decor,11.65,3,34.95,Laura Shannon,2023-06-15,0%,East,6,2023
2971,Same Classic,Apparel,35.65,1,35.65,Deanna Owens,2023-11-19,0%,North,11,2023
2972,Public Max,Electronics,480.71,2,961.42,Andrew Pierce,2024-02-18,0%,North,2,2024
2973,True Lite,Furniture,941.3,4,3765.2,Janet Jones,2023-07-26,0%,West,7,2023
2974,Between Classic,Apparel,19.75,2,39.5,Jennifer Fuller,2023-12-06,24%,East,12,2023
2975,Lay Max,Apparel,33.35,2,66.7,James Stone,2024-06-21,0%,East,6,2024
2976,Picture Max,Sports,273.43,3,820.29,Customer 115,2023-07-11,28%,North,7,2023
2977,Here Classic,Sports,245.44,3,736.3199999999999,Customer 116,2023-06-27,8%,East,6,2023
2978,Oil Lite,Sports,130.36,2,260.72,Joseph Patterson,2022-12-22,0%,East,12,2022
2979,Expert Lite,Home Decor,107.11,1,107.11,Thomas Wilson,2024-01-31,25%,East,1,2024
2980,Whether Plus,Sports,211.98,4,847.92,Sandra Bright,2023-02-09,6%,East,2,2023
2981,Learn Plus,Electronics,170.74,4,682.96,Angela Hudson,Invalid Date,0%,North,<NA>,<NA>
2982,Front Lite,Furniture,54.79,3,164.37,Monica Anderson,2024-09-04,0%,South,9,2024
2983,Tree Lite,Sports,172.99,3,518.97,Leslie White,2024-11-11,0%,West,11,2024
2984,Agree Plus,Sports,228.0,1,228.0,Lisa Harris,2024-09-20,16%,East,9,2024
2985,White Lite,Sports,48.67,4,194.68,Brenda Reid,2024-03-19,0%,South,3,2024
2986,Ball Lite,Home Decor,183.54,2,367.08,Brittany Jenkins,2023-10-04,0%,East,10,2023
2987,Friend Lite,Apparel,44.13,3,132.39,Gloria Robertson,2023-11-23,0%,North,11,2023
2988,Pass Lite,Apparel,41.45,2,82.9,Shannon Garcia,2024-02-14,0%,North,2,2024
2989,Drug Max,Furniture,431.28,3,1293.84,Elaine Schmidt,2023-02-26,14%,East,2,2023
2990,Use Max,Furniture,516.17,1,516.17,Customer 117,2023-10-12,0%,North,10,2023
2991,Wide Lite,Sports,101.03,2,202.06,Wendy Mathis,2023-02-06,0%,East,2,2023
2992,Whole Lite,Furniture,965.13,4,3860.52,James Choi,2024-06-18,2%,East,6,2024
2993,Glass Plus,Electronics,352.93,4,1411.72,Wesley Brown,2024-05-18,0%,West,5,2024
2994,Feeling Lite,Apparel,24.94,3,74.82000000000001,Connie Mccarthy,2023-08-15,28%,South,8,2023
2995,Industry Pro,Sports,159.36,1,159.36,Miranda Acevedo,2023-07-02,29%,North,7,2023
2996,Consider Classic,Sports,106.97,1,106.97,Cynthia Freeman,2024-05-11,0%,East,5,2024
2997,Lay Pro,Apparel,41.61,2,83.22,Robin Simpson,2023-08-22,0%,East,8,2023
2998,Field Lite,Furniture,906.29,1,906.29,Felicia Boyd,2024-03-12,0%,North,3,2024
2999,Against Classic,Furniture,337.8,3,1013.4000000000001,Deanna Villa,2024-02-26,0%,West,2,2024
